zipcode,price
75006,$145.00
75011.0,$81.00
75006,$95.00
75020,$35.00
75020,$50.00
75012,$75.00
75018.0,$79.00
75015,$89.00
75011.0,$60.00
75018,$66.00
75007,$110.00
75015.0,$66.00
75019.0,$65.00
75011.0,$9.00
75016.0,$110.00
75020.0,$70.00
75010,$125.00
75017.0,$45.00
75010.0,$50.00
75116,$390.00
75018,$120.00
75005,$35.00
75011.0,$107.00
75010.0,$92.00
75016.0,"$3,000.00"
75008.0,$79.00
75010.0,$52.00
75004.0,$130.00
75020,$62.00
75006.0,$60.00
75015.0,$100.00
75011,$60.00
75010.0,$160.00
75013.0,$80.00
75015,$53.00
75020,$45.00
75010,$97.00
75009,$90.00
75004.0,$120.00
75011,$70.00
75001,$133.00
75003.0,$69.00
75019,$66.00
75009,$80.00
75004,$140.00
75018.0,$35.00
75004,$100.00
75020.0,$40.00
75015.0,$59.00
75018.0,$34.00
75015.0,$90.00
75007,$99.00
75017.0,$75.00
75018.0,$43.00
75014,$89.00
75016,$250.00
75001.0,$69.00
75004,$40.00
75005.0,$50.00
75018,$38.00
75018.0,$80.00
75014.0,$200.00
75020,$55.00
75017,$70.00
92110,$100.00
75019,$38.00
75015.0,$60.00
75010.0,$85.00
75007,$149.00
75019,$80.00
75020.0,$130.00
75020,$55.00
75011.0,$70.00
75014.0,$68.00
92130.0,$59.00
75017.0,$26.00
75017,$90.00
75014.0,$57.00
75011.0,$81.00
75018.0,$70.00
75003,$105.00
75008.0,$119.00
75004,$193.00
75010.0,$60.00
75006.0,$69.00
75015.0,$53.00
75015.0,$50.00
75020,$47.00
75011.0,$90.00
75015.0,$43.00
75014.0,$250.00
75005.0,$85.00
75012,$140.00
75004.0,$178.00
75005.0,$100.00
75012.0,$120.00
75012.0,$70.00
75003.0,$53.00
75020.0,$80.00
75018,$95.00
75020.0,$35.00
75020.0,$45.00
75003,$250.00
75011.0,$180.00
75005,$65.00
75010.0,$90.00
75017.0,$87.00
75018.0,$70.00
75018.0,$65.00
75116,$80.00
75011.0,$38.00
75015.0,$125.00
75015,$70.00
75018,$89.00
-- default zip code --,"$1,192.00"
75018.0,$48.00
75004,$145.00
75008.0,$550.00
75009,$90.00
75004.0,$255.00
75005.0,$89.00
75010.0,$150.00
75116.0,$160.00
75010,$210.00
75019.0,$38.00
75001,$244.00
75011.0,$50.00
75010.0,$199.00
75018,$90.00
75009.0,$240.00
75020.0,$32.00
75010,$80.00
75007.0,$190.00
75001,$85.00
75014,$87.00
75018.0,$80.00
75011,$50.00
,$100.00
75011,$70.00
75017,$90.00
75020,$250.00
75005.0,$150.00
94200.0,$75.00
75009,$65.00
75020,$24.00
75009,$98.00
75016.0,$85.00
75001,$140.00
75015,$67.00
75004.0,$50.00
75003.0,$119.00
75018.0,$90.00
75011.0,$89.00
75013.0,$100.00
75011.0,$34.00
75011,$49.00
75015,$70.00
75009.0,$110.00
75010.0,$150.00
75011,$65.00
75017,$75.00
75018,$134.00
75011,$50.00
75015,$140.00
75018.0,$40.00
75008,$350.00
75012,$70.00
75015.0,$90.00
75019.0,$58.00
75011.0,$45.00
75001,$92.00
75020,$41.00
75018,$75.00
75116.0,$130.00
75011,$60.00
75011,$70.00
75020.0,$50.00
75020.0,$28.00
75011.0,$220.00
75010,$49.00
75018.0,$65.00
75007.0,$349.00
75018.0,$100.00
75019.0,$57.00
75014.0,$55.00
75018.0,$140.00
75017,$110.00
75018.0,$59.00
75012.0,$65.00
75004.0,$60.00
75012,$70.00
75018.0,$100.00
93500,$27.00
75003.0,$85.00
75015.0,$95.00
75012.0,$50.00
75019.0,$40.00
75014.0,$59.00
75009,$77.00
75004.0,$49.00
75003.0,$45.00
75015.0,$40.00
75001.0,$95.00
75015,$52.00
75003.0,$80.00
75015,$96.00
75007.0,$28.00
75018,$115.00
75017.0,$28.00
75011.0,$50.00
75010,$55.00
75018.0,$60.00
75018.0,$70.00
75004,$117.00
75011.0,$58.00
75019,$80.00
75007,$100.00
75013,$129.00
75009.0,$35.00
75011.0,$76.00
75009.0,$70.00
75010,$50.00
75014,$50.00
75116,$70.00
75019.0,$130.00
75010.0,$26.00
75015,$69.00
75116.0,$110.00
75020.0,$70.00
75012,$85.00
75019.0,$95.00
75011,$70.00
75018.0,$72.00
75005,$65.00
75116,$50.00
75011.0,$98.00
75015,$13.00
75015,$60.00
75004,$290.00
75005.0,$50.00
75015.0,$61.00
75005.0,$90.00
75007.0,$75.00
75012,$50.00
75018.0,$53.00
75017.0,$109.00
75004,$75.00
75004.0,$80.00
75007.0,$130.00
75003,$115.00
75019,$43.00
75011,$69.00
75009.0,$79.00
75011.0,$94.00
75018,$65.00
75009,$68.00
75006.0,$316.00
75003.0,$100.00
75003.0,$90.00
75013.0,$60.00
75006,$101.00
75003.0,$59.00
75005.0,$115.00
75009,$110.00
75006.0,$126.00
75010.0,$33.00
75010,$70.00
75019.0,$121.00
75019.0,$74.00
75004,$190.00
75011,$30.00
75011.0,$69.00
75010.0,$240.00
75002,$60.00
75013.0,$75.00
75019.0,$60.00
75018,$250.00
75015.0,$50.00
75001.0,$299.00
75017,$30.00
75006,$280.00
75018,$50.00
75011,$101.00
75013.0,$100.00
75011.0,$90.00
75012,$135.00
75015.0,$310.00
75018.0,$125.00
75015.0,$300.00
75007.0,$100.00
75019.0,$28.00
75012.0,$178.00
75013.0,$45.00
75020.0,$45.00
75020,$40.00
75017,$39.00
75002.0,$195.00
75013.0,$40.00
75003,$139.00
75019.0,$35.00
75018,$128.00
75006.0,$300.00
75003,$150.00
75005,$90.00
75015.0,$52.00
75010.0,$55.00
75006.0,$115.00
75020,$40.00
75005,$110.00
75003,"$1,200.00"
75001,$90.00
75011,$80.00
75012.0,$40.00
75019,$100.00
75010.0,$45.00
75003.0,$95.00
75015.0,$75.00
75011,$50.00
75010,$60.00
75014.0,$60.00
75009,$45.00
75001.0,$129.00
75013,$34.00
75018.0,$50.00
75018.0,$50.00
75001,$130.00
75011.0,$63.00
75009.0,$62.00
75006.0,$95.00
75005,$128.00
75005.0,$100.00
75015.0,$60.00
75013.0,$118.00
75015.0,$45.00
75018,$70.00
75003,$90.00
75017,$100.00
75018.0,$40.00
75019,$65.00
75017.0,$60.00
75018.0,$70.00
75007,$670.00
75005.0,$53.00
75011,$205.00
75014.0,$100.00
75017,$69.00
75014.0,$65.00
75010,$49.00
75005.0,$100.00
75019.0,$54.00
75010,$90.00
75015.0,$120.00
75004,$167.00
75019.0,$100.00
75016,$106.00
75018.0,$40.00
75015.0,$60.00
75007,$320.00
75007.0,$150.00
75001,$55.00
75011,$80.00
75018.0,$90.00
75020.0,$80.00
75019,$34.00
75010,$45.00
75019,$85.00
75005,$50.00
75011.0,$95.00
75015.0,$110.00
75007.0,$74.00
75017,$130.00
75009.0,$180.00
75116.0,$99.00
75018.0,$52.00
75014.0,$85.00
75011.0,$80.00
75116,$50.00
75006,$48.00
75002,$129.00
75014,$110.00
75007.0,$120.00
75016.0,$59.00
75011,$300.00
75015.0,$40.00
75015.0,$45.00
75003.0,$70.00
75013.0,$65.00
75017.0,$125.00
75016.0,$80.00
75010,$55.00
75014,$41.00
75018,$50.00
75018,$20.00
75013.0,$90.00
75005,$65.00
75013.0,$55.00
75015.0,$40.00
75014,$109.00
75012.0,$65.00
75004.0,$70.00
75018,$40.00
75003.0,$900.00
75018,$64.00
75018,$150.00
75001,$99.00
75015,$68.00
75015.0,$105.00
75011,$80.00
75018,$149.00
,$80.00
75017,$38.00
75010,$200.00
75020.0,$50.00
75019,$110.00
75007.0,$185.00
75019.0,$873.00
75003,$100.00
75018.0,$70.00
75003.0,$95.00
75010.0,$100.00
75003.0,$98.00
75016,$60.00
75018.0,$60.00
75003.0,$75.00
75002,$475.00
75015.0,$40.00
75005.0,$122.00
75013.0,$80.00
75116.0,$110.00
75018.0,$50.00
75018.0,$100.00
75009,$90.00
75017.0,$63.00
75010.0,$76.00
75019.0,$88.00
75017.0,$59.00
75011,$38.00
75008.0,$120.00
75007.0,$26.00
75011.0,$60.00
75002,$99.00
75011.0,$85.00
75009.0,$87.00
75008.0,$115.00
75020.0,$60.00
75010,$97.00
75011,$65.00
75010,$60.00
75018.0,$77.00
94300,$80.00
75018,$39.00
75018,$100.00
75004,$210.00
75013,$50.00
75018.0,$69.00
75011,$59.00
75014.0,$50.00
75007.0,$100.00
75011.0,$120.00
75015.0,$85.00
75015.0,$75.00
75011,$85.00
75020,$50.00
75005.0,$100.00
75014,$39.00
75017.0,$75.00
75017.0,$80.00
75007.0,$140.00
75019.0,$35.00
75016.0,$40.00
75015.0,$69.00
75005.0,$150.00
75005.0,$100.00
75005.0,$80.00
75018,"$1,000.00"
75017.0,$110.00
75015,$45.00
75007.0,$72.00
75018,$50.00
75019.0,$80.00
75015.0,$70.00
75011,$95.00
75011,$75.00
75015.0,$70.00
75020,$60.00
75017.0,$69.00
75020,$44.00
75013.0,$60.00
75003,$140.00
75004,$280.00
75016.0,$55.00
75011,$75.00
,$38.00
75016,$169.00
75003,$100.00
75002.0,$109.00
75018.0,$30.00
75012,$250.00
75005,$150.00
75018,$150.00
75013.0,$79.00
75015,$85.00
75015.0,$78.00
75017.0,$40.00
75010.0,$55.00
75016,$65.00
75011.0,$65.00
75006,$60.00
75007,$55.00
75009.0,$80.00
75010.0,$72.00
75014,$70.00
75008,$80.00
75011,$80.00
75020.0,$95.00
75018.0,$26.00
75020,$35.00
75008.0,$167.00
75006,$70.00
75020,$70.00
75116,$100.00
75009,$80.00
75017.0,$78.00
75006,$120.00
75017.0,$58.00
75018.0,$110.00
75015,$50.00
75013.0,$139.00
75002,$120.00
75011,$55.00
75018,$45.00
75015.0,$85.00
75007.0,$90.00
75004,$75.00
75020,$45.00
75020.0,$70.00
75010.0,$81.00
75011.0,$55.00
75116,$180.00
75008,$150.00
75004,$50.00
75018,$42.00
75005.0,$110.00
75018.0,$100.00
75018.0,$50.00
75011,$100.00
75011.0,$98.00
75013.0,$100.00
75116.0,$80.00
75019,$55.00
75019.0,$70.00
75005,$110.00
75008.0,$53.00
75020,$53.00
75011,$50.00
75008.0,$227.00
75003,$140.00
75002,$100.00
75005,$50.00
75015,$65.00
75009.0,$55.00
75001.0,$160.00
75015,$45.00
75011.0,$90.00
75015.0,$90.00
75015.0,$75.00
75018.0,$90.00
75003.0,$87.00
75010.0,$90.00
75005.0,$80.00
75004,$44.00
75005,$60.00
75018,$65.00
75005,$100.00
75006.0,$95.00
75018.0,$40.00
75017,$45.00
75014,$90.00
75015.0,$160.00
75007.0,$120.00
75009,$85.00
75018.0,$40.00
75020,$42.00
75018.0,$79.00
75016,$140.00
75016.0,$52.00
75018.0,$60.00
75015.0,$77.00
75011,$79.00
75004.0,$70.00
75009,$160.00
75011,$99.00
75003,$150.00
75010,$65.00
75019.0,$50.00
75008.0,$100.00
75017,$150.00
75013,$50.00
75009,$65.00
75018.0,$65.00
75013,$45.00
75015,$35.00
75011,$75.00
75009.0,$180.00
75004,$185.00
92100.0,$140.00
75010.0,$90.00
75003,$95.00
75015,$84.00
75017,$120.00
75003.0,$200.00
75011.0,$85.00
75116.0,$69.00
75019.0,$70.00
75019.0,$60.00
75004,$56.00
75006,$60.00
75012,$79.00
75017.0,$650.00
75002,$170.00
75014.0,$69.00
75013.0,$110.00
75005,$105.00
75010,$59.00
75116,$90.00
75010.0,$53.00
75010.0,$123.00
75004.0,$220.00
75002,$94.00
75018,$80.00
75019.0,$60.00
75001,$165.00
,$78.00
75018.0,$100.00
75004,$170.00
75018.0,$45.00
75017,$50.00
75014,$60.00
75005.0,$81.00
,$80.00
75011.0,$90.00
75002,$90.00
75004.0,$575.00
75018.0,$110.00
75019.0,$60.00
75009,$99.00
75018,$130.00
75002,$87.00
75002,$245.00
75010,$89.00
75018,$40.00
75012.0,$63.00
75012.0,$45.00
75013,$183.00
75010.0,$70.00
75015.0,$92.00
75012,$90.00
75010,$110.00
75015.0,$65.00
75015,$48.00
75006,$80.00
75002.0,$85.00
75013.0,$100.00
75002.0,$115.00
75019.0,$50.00
75002,$154.00
75019,$50.00
75010.0,$90.00
75002.0,$140.00
75011,$23.00
75010,$34.00
75011,$55.00
75014.0,$32.00
75010.0,$60.00
75019.0,$70.00
75018,$100.00
75116,$53.00
75017.0,$25.00
75013.0,$50.00
75015.0,$29.00
75005.0,$68.00
75015,$80.00
75014.0,$84.00
75002,$170.00
75018.0,$55.00
75019,$65.00
75004.0,$95.00
75014,$80.00
75006.0,$57.00
75002,$65.00
75012.0,$45.00
75003.0,$128.00
75013.0,$80.00
75017.0,$10.00
94340.0,$14.00
75010.0,$50.00
75010.0,$85.00
75011.0,$60.00
75003.0,$97.00
75018,$55.00
75005,$90.00
75116.0,$110.00
75020,$62.00
75018.0,$120.00
75011,$50.00
75008,$90.00
75008,$350.00
75015.0,$82.00
75019.0,$41.00
75013.0,$70.00
75010,$60.00
75003.0,$75.00
75012,$55.00
75015,$120.00
75003,$53.00
75018.0,$28.00
75010,$119.00
75009,$60.00
75005,$90.00
75012,$68.00
75007,$150.00
75013.0,$45.00
75010.0,$65.00
75011,$55.00
75017.0,$240.00
75015,$120.00
75017.0,$40.00
75014.0,$90.00
75006,$140.00
75002.0,$120.00
75011.0,$49.00
75017,$39.00
75006.0,$100.00
75015,$90.00
75018.0,$80.00
75018,$100.00
75007,$67.00
75017,$82.00
75007,$200.00
75116.0,$250.00
75018.0,$55.00
75011.0,$36.00
75007.0,$80.00
,$90.00
75011,$119.00
75019,$100.00
75008.0,$120.00
75011,$90.00
75009,$150.00
75019,$75.00
75019,$35.00
75004,$140.00
75019.0,$65.00
75004.0,$155.00
75019,$50.00
75003.0,$160.00
75002.0,$39.00
75018.0,$80.00
75008,$219.00
75010,$84.00
75015,$130.00
75020,$41.00
75016.0,$85.00
75009,$100.00
75015.0,$75.00
75011,$90.00
75002.0,$90.00
75017,$101.00
75019,$90.00
75018.0,$100.00
75011,$50.00
75020,$99.00
75010,$55.00
75004,$159.00
75018,$300.00
75015.0,$85.00
75010.0,$110.00
75018.0,$50.00
75020,$45.00
75011,$55.00
75011.0,$96.00
75006,$74.00
75011.0,$100.00
75011.0,$77.00
75015.0,$30.00
75017.0,$49.00
75017.0,$65.00
75018,$50.00
75010,$40.00
75003.0,$59.00
75011.0,$109.00
75010.0,$125.00
75013,$139.00
75010,$130.00
75015.0,$98.00
75020.0,$50.00
75019,$110.00
75011.0,$50.00
75004,$50.00
75011.0,$50.00
75015,$50.00
75011.0,$70.00
75017.0,$60.00
75002.0,$100.00
75018.0,$40.00
75018,$47.00
75014.0,$70.00
75011.0,$90.00
75020,$40.00
75008,$150.00
75011,$60.00
75018,$80.00
75018.0,$80.00
75011.0,$177.00
75004.0,$150.00
,$40.00
75018,$65.00
75008,$110.00
75011.0,$70.00
75009.0,$80.00
75001.0,$100.00
75014.0,$20.00
75011.0,$70.00
75008,$100.00
75017.0,$38.00
75116,$75.00
75013.0,$30.00
75004.0,$220.00
75011,$34.00
75011,$50.00
75010,$80.00
75017.0,$120.00
75018.0,$90.00
75008.0,$226.00
75002.0,$75.00
75010.0,$87.00
75018.0,$110.00
75017.0,$62.00
75002.0,$79.00
75020.0,$85.00
75011.0,$65.00
75020.0,$69.00
75011,$109.00
75011.0,$59.00
75015.0,$110.00
75012.0,$78.00
75009.0,$65.00
75014,$69.00
75018.0,$95.00
75006.0,$70.00
75012.0,$60.00
75012,$250.00
75019.0,$28.00
75005.0,$38.00
75009,$70.00
75018.0,$130.00
75001.0,$120.00
75011.0,$50.00
75007.0,$200.00
75020.0,$130.00
75009.0,"$1,000.00"
75018.0,$70.00
75014.0,$55.00
75005.0,$85.00
75007.0,$452.00
75013,$60.00
75011.0,$100.00
75012,$25.00
75009.0,$70.00
75014.0,$65.00
75018e,$30.00
75018,$90.00
75020.0,$110.00
75005.0,$246.00
75007,$230.00
75009.0,$70.00
75003,$99.00
75019,$50.00
75002.0,$160.00
75011.0,$35.00
75116.0,$80.00
75005,$72.00
75015.0,$69.00
75018.0,$36.00
75015.0,$90.00
75012,$80.00
75014.0,$55.00
75017.0,$45.00
75017,$25.00
75009,$89.00
75013.0,$41.00
75116,$54.00
75011.0,$57.00
75006,$60.00
75005.0,$110.00
75009,$45.00
75002.0,$75.00
75019,$35.00
75018,$90.00
75003.0,$135.00
75018.0,$32.00
75015.0,$75.00
75019,$33.00
75010.0,$30.00
75009,$139.00
75017,$130.00
75011.0,$90.00
75011.0,$149.00
75018,$70.00
75006,$50.00
75014.0,$110.00
75010,$55.00
,$45.00
75019,$85.00
75018.0,$50.00
75005,$20.00
75010,$70.00
75006,$30.00
75009.0,$120.00
75011,$51.00
75014,$40.00
75003.0,$50.00
75011,$163.00
75016,$50.00
75015,$40.00
75002.0,$120.00
75018,$65.00
75002,$50.00
75011,$70.00
75010.0,$65.00
75018.0,$65.00
75018.0,$50.00
75019.0,$150.00
75001,$140.00
75011,$50.00
75020,$75.00
75015.0,$59.00
75001.0,$120.00
75018.0,$46.00
75013.0,$45.00
75020,$48.00
75011,$70.00
75015.0,$81.00
75015,$40.00
75004,$100.00
75011,$100.00
75003,$300.00
75003.0,$40.00
75007.0,$65.00
75011,$50.00
75015,$49.00
75018.0,$61.00
75003.0,$50.00
75018,$70.00
75019.0,$80.00
75116.0,$764.00
75015.0,$70.00
75015,$80.00
75011,$65.00
75015.0,$54.00
75001,$130.00
75011.0,$45.00
75006.0,$90.00
75007,$230.00
75020.0,$35.00
75001,$133.00
75003,$143.00
75004.0,$75.00
75007,$150.00
75016.0,$40.00
75019,$31.00
75007,$130.00
75009,$50.00
75010,$65.00
75019.0,$80.00
75006,$103.00
75014,$40.00
75017.0,$270.00
75008,$48.00
75019,$150.00
75002.0,$107.00
75011.0,$85.00
75012,$100.00
75018.0,$65.00
75011.0,$65.00
75004.0,$110.00
75009.0,$200.00
75018.0,$80.00
75010,$80.00
75011,$299.00
75016.0,$63.00
75015,$115.00
75010.0,$54.00
75008.0,$99.00
75007,$140.00
75016.0,$195.00
75015.0,$40.00
75008.0,$213.00
75020.0,$50.00
75012,$64.00
75019.0,$45.00
75015.0,$60.00
75011,$75.00
75010.0,$60.00
75018.0,$40.00
75005,$160.00
75008,$66.00
75017,$55.00
75005,$40.00
75014,$60.00
75015,$175.00
75003.0,$200.00
75018.0,$50.00
75001.0,$230.00
75010,$70.00
75015,$45.00
75008,$60.00
,$60.00
75003,$136.00
75016.0,$39.00
75009,$70.00
75013,$39.00
75017,$65.00
75018,$89.00
75011,$30.00
75011.0,$65.00
75012,$90.00
75017,$54.00
75012.0,$155.00
75011.0,$140.00
75010,$90.00
75018.0,$65.00
75008.0,$400.00
75018.0,$70.00
75010.0,$40.00
75009.0,$184.00
75020.0,$250.00
75009.0,$89.00
75018,$80.00
75011.0,$35.00
75013,$90.00
75011.0,$60.00
75003.0,$59.00
75003,$195.00
75002,$150.00
75012.0,$50.00
75003,$140.00
75017,$210.00
75004,$110.00
75015.0,$95.00
75009.0,$75.00
75017,$111.00
75011,$65.00
75017.0,$80.00
75010.0,$50.00
75015.0,$110.00
75019.0,$70.00
75005.0,$38.00
75019.0,$65.00
75007.0,$225.00
75019.0,$37.00
75016.0,$55.00
75019,$65.00
75008.0,$65.00
75017,$35.00
75018,$70.00
75019.0,$60.00
75018,$46.00
75020,$80.00
75020.0,$80.00
75018.0,$80.00
75002,$93.00
75015,$75.00
75020,$55.00
75012,$40.00
75116,$150.00
75116.0,$149.00
75017.0,$45.00
75008.0,$123.00
75019.0,$60.00
75015,$53.00
75005.0,$130.00
75018,$95.00
75005,$75.00
75011.0,$125.00
75015,$280.00
75002,$80.00
75018.0,$40.00
75003.0,$60.00
75018.0,$75.00
75003.0,$100.00
75018,$69.00
75010.0,$62.00
75011.0,$48.00
92100,$50.00
75018,$70.00
75005.0,$170.00
75018,$95.00
75011.0,$131.00
75015.0,$220.00
75020.0,$39.00
75015.0,$150.00
75015,$90.00
75018,$30.00
75017,$150.00
75018.0,$35.00
75012,$35.00
75003.0,$70.00
75015.0,$90.00
,$115.00
75003,$99.00
75003,$90.00
75010.0,$70.00
75011.0,$115.00
75009.0,$92.00
75015,$60.00
75014.0,$70.00
75015.0,$110.00
75018,$55.00
75013.0,$115.00
75014,$119.00
75018.0,$70.00
75018,$35.00
75012,$120.00
75010.0,$119.00
75002.0,$55.00
750109.0,$95.00
75018.0,$199.00
75017.0,$30.00
75014.0,$65.00
75018.0,$190.00
75018,$59.00
,$13.00
75001,$250.00
75018.0,$85.00
75012.0,$70.00
75011.0,$197.00
75018,$162.00
75001,$90.00
75010.0,$65.00
75011,$115.00
75020.0,$50.00
75005,$120.00
75018,$30.00
75012.0,$69.00
75009.0,$47.00
75017,$159.00
75011,$59.00
75007.0,$200.00
75116,$127.00
75013.0,$62.00
75007.0,$500.00
75002,$85.00
75017,$50.00
75014,$59.00
75004,$60.00
75011,$50.00
75017,$53.00
75005.0,$80.00
75016.0,$150.00
75006,$80.00
75008.0,$290.00
75007.0,$102.00
75018,$45.00
75018,$55.00
75018,$60.00
75015.0,$121.00
75013.0,$65.00
75019.0,$59.00
75014.0,$95.00
75015.0,$40.00
75003.0,$100.00
75010.0,$65.00
75018.0,$80.00
75011,$40.00
75116.0,$265.00
75017.0,$69.00
75020.0,$50.00
75018.0,$200.00
75008.0,$160.00
75006,$175.00
75009,$30.00
75003.0,$45.00
75005,$115.00
75116.0,$90.00
75009.0,$155.00
75011,$70.00
75018,$78.00
75006.0,$100.00
75003.0,$229.00
75020,$50.00
75018,$30.00
75011.0,$125.00
75004,$120.00
75019,$79.00
75010.0,$57.00
75010,$80.00
75001,$250.00
75002,$100.00
75019.0,$40.00
75009.0,$63.00
75019,$30.00
75018,$48.00
75010.0,$100.00
75016.0,$85.00
75017.0,$65.00
75018,$100.00
75015.0,$75.00
75012.0,$61.00
75012.0,$170.00
75012,$60.00
75010.0,$80.00
75011,$90.00
75002,$90.00
75011,$150.00
75005,$55.00
7015.0,$55.00
75018,$50.00
75006,$90.00
75005,$36.00
75018.0,$50.00
75010.0,$80.00
75013,$39.00
75016,$99.00
92240,$80.00
75003.0,$110.00
,$35.00
75002.0,$89.00
75005,$90.00
75006,$420.00
75018,$60.00
75011.0,$45.00
75013.0,$110.00
75015.0,$70.00
75017.0,$51.00
75009,$89.00
75020,$89.00
75012.0,$100.00
75015,$80.00
75008,$185.00
75015.0,$90.00
75003,$148.00
75014,$118.00
75018.0,$49.00
75001.0,$98.00
75009,$52.00
75010,$120.00
75020,$90.00
75009.0,$65.00
75019,$40.00
75011,$75.00
75007,$330.00
75014.0,$35.00
75018.0,$55.00
75116.0,$37.00
75018.0,$85.00
75012,$100.00
75018.0,$59.00
75008,$90.00
75006,$80.00
75015.0,$60.00
75012,$40.00
75020,$50.00
75010,$45.00
75012.0,$100.00
75001.0,$80.00
75010,$94.00
75013.0,$42.00
75019,$50.00
75006.0,$130.00
75017,$120.00
75015.0,$75.00
75019.0,$76.00
75012,$75.00
75014.0,$75.00
75018.0,$68.00
75018,$40.00
75011,$55.00
75015.0,$55.00
75020.0,$125.00
75013,$90.00
75015.0,$75.00
75002.0,$135.00
75014,$43.00
75007,$300.00
75016,$32.00
75016,$60.00
75011.0,$75.00
75116,$60.00
75019.0,$60.00
75116.0,$30.00
75017.0,$87.00
75008.0,$141.00
75018.0,$72.00
75009.0,$60.00
75018,$80.00
75018.0,$35.00
75009,$120.00
75011.0,$40.00
92100.0,$36.00
75016,$299.00
75020.0,$130.00
75006,$89.00
75010.0,$60.00
75010,$80.00
75015,$59.00
75116,$130.00
75020,$50.00
75015.0,$65.00
75116.0,$380.00
75019.0,$49.00
75013.0,$70.00
75014.0,$45.00
75020.0,$85.00
75015.0,$90.00
,$45.00
75003,$299.00
75002,$100.00
75010,$90.00
75015.0,$45.00
75020.0,$90.00
75020,$69.00
75017,$80.00
75018,$40.00
75018,$95.00
75017.0,$80.00
75011,$80.00
75020,$80.00
75018.0,$60.00
75009.0,$60.00
75001.0,$98.00
75116.0,$500.00
75005,$130.00
75009,$300.00
75019,$150.00
75006.0,$80.00
75011,$90.00
75001.0,$130.00
75011.0,$84.00
75011,$92.00
75017.0,$80.00
75010,$120.00
75007.0,$129.00
75001.0,$70.00
75011.0,$85.00
75011,$115.00
75018,$60.00
75020.0,$40.00
75005.0,$49.00
75011,$60.00
75019,$70.00
75019.0,$68.00
75017.0,$45.00
75015,$60.00
75017.0,$80.00
75001,$90.00
75015.0,$41.00
75015,$250.00
75005.0,$100.00
75014.0,$89.00
75011,$140.00
75009,$85.00
75020.0,$55.00
75019.0,$90.00
75008,$270.00
75014.0,$65.00
75006,$111.00
75018,$60.00
,$38.00
75020.0,$40.00
75012,$45.00
75018,$53.00
75018.0,$50.00
75009.0,$59.00
75018,$105.00
75018.0,$75.00
,$110.00
75009,$130.00
,$120.00
75018,$55.00
75017,$60.00
75015.0,$58.00
75020,$41.00
75018.0,$100.00
75011.0,$35.00
75010.0,$30.00
75020,$65.00
75011.0,$95.00
75019,$50.00
75020.0,$35.00
75006,$51.00
75020.0,$60.00
75020.0,$60.00
75005,$88.00
75001,$90.00
N,$95.00
75009.0,$75.00
75015.0,$45.00
75015.0,$120.00
75013,$225.00
,$90.00
75018.0,$90.00
75002,$95.00
75015.0,$89.00
75009.0,$44.00
75018.0,$50.00
75005,$79.00
75015,$60.00
75019.0,$50.00
75017,$75.00
75010.0,$59.00
75011.0,$90.00
75010,$105.00
75013.0,$31.00
75010,$85.00
75019,$60.00
75017,$76.00
75018.0,$45.00
75012,$37.00
75009.0,$99.00
75017.0,$88.00
75018.0,$95.00
75010,$53.00
75012.0,$95.00
75003.0,$49.00
75007.0,$138.00
75009,$160.00
75011.0,$130.00
75017,$299.00
75003.0,$55.00
75002.0,$65.00
75017,$75.00
75008.0,$190.00
75019.0,$60.00
75018.0,$40.00
75010.0,$120.00
75018.0,$40.00
75005.0,$110.00
75017.0,$100.00
75004.0,$87.00
75018,$158.00
75013,$69.00
75004,$148.00
75019.0,$85.00
75012,$55.00
75011.0,$55.00
75011,$130.00
75020,$45.00
75015,$130.00
75019,$40.00
75005.0,$49.00
75017,$90.00
75014,$60.00
75016,$150.00
75019.0,$58.00
75004.0,$90.00
75010,$320.00
75014,$35.00
75018,$100.00
75009.0,$91.00
75008.0,$85.00
75005.0,$93.00
75015.0,$100.00
75009,$149.00
75011.0,$62.00
75018,$75.00
75007,$90.00
75013,$75.00
75011.0,$40.00
75010.0,$55.00
75009,$49.00
75011.0,$50.00
75005,$40.00
75010,$70.00
75002,$169.00
75007.0,$29.00
75002.0,$65.00
75116.0,$160.00
75004,$110.00
75003.0,$100.00
75013.0,$70.00
75009,$99.00
75016,$300.00
75011.0,$57.00
75018.0,$84.00
75004,$68.00
,$33.00
75018.0,$75.00
75011,$75.00
75020,$60.00
75014,$71.00
75015,$115.00
75017.0,$70.00
75017.0,$70.00
75018,$65.00
75019,$60.00
75007.0,$175.00
75020,$80.00
75004,$115.00
75010.0,$99.00
75018.0,$100.00
75020,$90.00
75014.0,$80.00
75004.0,$59.00
75009.0,$90.00
75015.0,$180.00
75116,$75.00
75018.0,$80.00
75006,$135.00
75002.0,$165.00
75003,$115.00
75007.0,$90.00
75018.0,$80.00
75020,$45.00
75015.0,$175.00
,$30.00
75017.0,$80.00
75018,$300.00
75015.0,$54.00
75020,$50.00
75019.0,$70.00
75011.0,$60.00
75011,$80.00
75013.0,$35.00
75018.0,$45.00
75020,$40.00
75013.0,$58.00
75018,$45.00
75017.0,$70.00
75004,$260.00
75017,$40.00
75012.0,$90.00
75011.0,$40.00
75015.0,$45.00
75116,$88.00
75010.0,$75.00
75014.0,$65.00
75018.0,$150.00
75009.0,$45.00
75009,$60.00
75002.0,$110.00
75013.0,$35.00
75020,$50.00
75018.0,$55.00
75020.0,$60.00
75014.0,$45.00
75016.0,$85.00
75003,$80.00
92600.0,$73.00
75015.0,$90.00
75020,$65.00
75012.0,$100.00
75008.0,$60.00
75010,$99.00
75004,$100.00
75017.0,$50.00
75010,$60.00
75009.0,$119.00
75011,$59.00
75003,$70.00
75012.0,$55.00
75014,$84.00
75012.0,$70.00
75017,$85.00
75013.0,$98.00
75010,$160.00
75018.0,$66.00
75003,$75.00
75008.0,$220.00
75005,$45.00
75007,$130.00
75007.0,$180.00
75017,$85.00
75003.0,$60.00
75013.0,$50.00
75013.0,$95.00
75001,$65.00
75007,$60.00
75015.0,$50.00
75001.0,$65.00
75010.0,$50.00
75011,$70.00
75002,$119.00
75017,$99.00
75017,$299.00
75014,$90.00
75018.0,$70.00
75011.0,$98.00
75014,$39.00
75017.0,$95.00
75013.0,$50.00
75009,$90.00
75004.0,$119.00
75006,$100.00
75003,$98.00
75011,$200.00
75020.0,$78.00
75007.0,$178.00
75010.0,$30.00
75002.0,$72.00
75018.0,$70.00
75018,$65.00
75017,$65.00
75020,$59.00
75018.0,$80.00
75001.0,$89.00
75006,$85.00
75018.0,$45.00
75001,$150.00
75015.0,$250.00
75017,$75.00
75014.0,$45.00
75009,$42.00
75018,$75.00
75020.0,$25.00
75003,$69.00
75015.0,$78.00
75017.0,$80.00
75004.0,$135.00
75014.0,$76.00
75014,$60.00
75019.0,$85.00
75015.0,$60.00
75015,$450.00
75006.0,$75.00
75011.0,$40.00
75005,$79.00
75013.0,$120.00
75004,$130.00
75003,$198.00
,$46.00
75010,$65.00
75017,$69.00
75009.0,$50.00
75015.0,$60.00
75017,$80.00
75007.0,$88.00
75013,$35.00
75005,$67.00
75005,$45.00
75005.0,$60.00
75014,$99.00
75018,$62.00
75018,$55.00
75004.0,$80.00
75007.0,$300.00
75011,$540.00
75003,$85.00
75020.0,$45.00
75017,$70.00
75002.0,$170.00
75013,$64.00
75004.0,$200.00
75019,$40.00
75015,$13.00
75009.0,$90.00
75014.0,$40.00
75010,$70.00
75017.0,$78.00
75010.0,$38.00
75016.0,$135.00
75011,$130.00
75010.0,$70.00
,$84.00
75016.0,$50.00
75004,$110.00
75009.0,$85.00
75011.0,$47.00
75005.0,$550.00
75020,$44.00
75005,$95.00
75017,$60.00
75018,$71.00
75020.0,$60.00
75016.0,$180.00
75007,$100.00
75013.0,$54.00
75006,$59.00
75019,$150.00
75001.0,$150.00
75018.0,$70.00
75011.0,$100.00
75016,$67.00
75018,$50.00
75013.0,$36.00
75011,$81.00
92100,$100.00
75018,$50.00
75011.0,$50.00
75009,$85.00
75015,$170.00
75014,$55.00
75020,$32.00
75018,$36.00
75015,$140.00
75004.0,$55.00
75007,$167.00
75015,$110.00
75009,$95.00
75005.0,$42.00
75005.0,$60.00
75014.0,$110.00
75016.0,$60.00
75018.0,$40.00
75013,$95.00
75008.0,$81.00
75018.0,$60.00
75014,$49.00
75006,$110.00
75004.0,$300.00
75015,$115.00
75016.0,$170.00
75009.0,$100.00
75001.0,$55.00
75012.0,$138.00
75001,$170.00
75015,$45.00
75018,$99.00
75017.0,$60.00
75018,$79.00
75008,$304.00
75012.0,$50.00
75015,$69.00
75005,$78.00
75003.0,$91.00
75014.0,$55.00
75008,$150.00
75015,$90.00
75006,$180.00
75019,$85.00
75011.0,$110.00
75017.0,$28.00
75001,$80.00
75010.0,$94.00
75017.0,$150.00
75009.0,$56.00
75011,$39.00
75015,$100.00
75018.0,$40.00
75008,$55.00
92120,$110.00
75011.0,$70.00
75002,$159.00
75009,$290.00
75018.0,$70.00
75018,$30.00
75017,$220.00
75003,$143.00
75002,$199.00
75018.0,$57.00
75116,$75.00
75011.0,$90.00
75011.0,$58.00
75010,$70.00
75011.0,$65.00
75004,$104.00
75015,$70.00
75010.0,$65.00
75018,$65.00
75003,$111.00
75013,$31.00
75018,$80.00
75010,$230.00
75002,$129.00
75010,$49.00
75003,$140.00
75002,$73.00
75020,$65.00
75010.0,$230.00
75018,$80.00
75116,$150.00
75018.0,$169.00
75012.0,$47.00
75002.0,$253.00
75013.0,$65.00
75020,$40.00
75020,$65.00
75019.0,$155.00
75015.0,$100.00
75015.0,$76.00
75018.0,$75.00
75011.0,$70.00
75013,$100.00
75013.0,$65.00
75012,$30.00
75017,$25.00
75011,$256.00
75006.0,$251.00
75116,$50.00
75019,$40.00
75018,$33.00
75014,$150.00
75010,$123.00
75010.0,$125.00
75018,$43.00
92600,$52.00
75009,$95.00
75002,$55.00
75004.0,$92.00
75020.0,$51.00
75009,$120.00
75015,$85.00
75004,$180.00
75004,$91.00
75005,$120.00
75015,$50.00
75002,$79.00
75018.0,$40.00
75017.0,$90.00
75005,$115.00
75018.0,$53.00
75009,$100.00
75003,$125.00
75009,$80.00
75013,$51.00
75003,$200.00
75003,$120.00
75002,$85.00
75007.0,"$1,257.00"
75011.0,$60.00
75020.0,$89.00
75017.0,$48.00
75003,$95.00
75018.0,$67.00
75018,$95.00
75019.0,$45.00
75011.0,$55.00
75019,$35.00
75020,$50.00
75018.0,$60.00
75015.0,$53.00
75010,$62.00
75018.0,$60.00
75015,$80.00
75015,$70.00
75015,$120.00
75015,$50.00
75018.0,$50.00
75011.0,$25.00
75003.0,$75.00
75009.0,$85.00
75020.0,$150.00
75011,$90.00
75013.0,$65.00
75013,$200.00
75010,$68.00
75011.0,$56.00
75014,$39.00
75018.0,$70.00
,$95.00
75017,$62.00
75009,$90.00
75016.0,$65.00
75011.0,$49.00
75010.0,$85.00
75009,$169.00
75017.0,$85.00
75010,$65.00
75012,$50.00
75016.0,$90.00
75019.0,$50.00
75018,$45.00
75017,$59.00
75004.0,$70.00
75018,$34.00
75116.0,$69.00
75018,$75.00
75015,$42.00
75015.0,$50.00
75011,$80.00
75008,$268.00
75011,$75.00
75002.0,$80.00
75020,$45.00
75019.0,$40.00
75010.0,$65.00
75015,$62.00
75015,$230.00
75002.0,$100.00
75010,$30.00
75016,$100.00
75019.0,$150.00
75007,$30.00
75018.0,$69.00
75015,$39.00
75010.0,$118.00
75013,$100.00
75014,$120.00
75018.0,$88.00
75011.0,$175.00
75018.0,$60.00
75016,$100.00
75016,$105.00
75008.0,$50.00
75017.0,$51.00
75017,$90.00
75007.0,$72.00
75011,$60.00
75019.0,$65.00
75020.0,$109.00
75017.0,$50.00
75010,$65.00
75012,$35.00
75007,$38.00
75002.0,$300.00
75010.0,$75.00
75004.0,$54.00
75004,$79.00
75010.0,$73.00
75016.0,$25.00
75020,$55.00
75005.0,$190.00
75015,$45.00
75020,$70.00
75009,$120.00
75005,$125.00
75017.0,$90.00
75003.0,$109.00
75019,$50.00
75002,$153.00
75020.0,$95.00
75009.0,$54.00
75010,$250.00
75020.0,$46.00
75019.0,$40.00
75010.0,$59.00
75003.0,$155.00
75012.0,$75.00
75003,$53.00
75013,$45.00
75002.0,$90.00
75003.0,$70.00
75116,$430.00
75011,$52.00
75011,$90.00
75017.0,$90.00
75017,$55.00
75014.0,$59.00
75020,$60.00
75011,$75.00
75015,$25.00
75017.0,$44.00
75010.0,$40.00
75018,$83.00
75015.0,$250.00
75004,$80.00
75005.0,$199.00
75017.0,$50.00
75016.0,$160.00
75015,$99.00
75015,$75.00
75020,$47.00
75020.0,$55.00
75012,$100.00
75010.0,$70.00
,$52.00
75019.0,$95.00
75007.0,$70.00
75020.0,$68.00
75007.0,$120.00
75015.0,$280.00
75006.0,$100.00
75007.0,$125.00
94300,$50.00
75012,$120.00
75011,$59.00
75010.0,$88.00
75011,$60.00
75009,$210.00
75014.0,$35.00
75012.0,$100.00
75017.0,$90.00
75011,$99.00
75016.0,$85.00
75019,$165.00
,$32.00
75012.0,$149.00
75018.0,$50.00
75012.0,$68.00
75017.0,$80.00
75001.0,$90.00
75011.0,$45.00
75014,$150.00
75007,$72.00
75016.0,$195.00
75011.0,$70.00
75010.0,$85.00
75011.0,$150.00
75011,$65.00
75009.0,$140.00
75015,$75.00
75011.0,$42.00
75018.0,$50.00
75006,$699.00
75014,$39.00
75010.0,$105.00
75011.0,$81.00
75009,$100.00
75116,$90.00
75020.0,$48.00
75011,$48.00
75017.0,$110.00
75011.0,$70.00
75007,$75.00
75008.0,$140.00
75010,$200.00
75018.0,$18.00
75008.0,$50.00
75018.0,$79.00
75015,$65.00
75013.0,$70.00
75011.0,$55.00
75007,$80.00
75018.0,$45.00
75011,$100.00
75011.0,$195.00
75012.0,$60.00
75010,$90.00
75015,$59.00
75007,$60.00
75015,$55.00
75116,$80.00
75018,$60.00
75010,$80.00
,$55.00
75010.0,$50.00
75004,$70.00
75018.0,$59.00
75003,$105.00
75005,$42.00
75019,$42.00
75002.0,$96.00
75015.0,$59.00
75013,$80.00
75008.0,$110.00
75004,$90.00
75005.0,$60.00
75018.0,$65.00
75003.0,$80.00
75018.0,$45.00
75005.0,$56.00
75011,$55.00
75013,$27.00
75011.0,$50.00
75017,$90.00
75011.0,$180.00
75011.0,$60.00
75016,$250.00
75003.0,$140.00
75015,$85.00
75005.0,$60.00
75020.0,$58.00
75018.0,$90.00
75016,$120.00
75006,$58.00
75020,$35.00
75001.0,$99.00
75019.0,$110.00
75018,$90.00
75018,$115.00
75018,$48.00
75005,$100.00
75018.0,$320.00
75018,$55.00
75003.0,$150.00
75009,$120.00
75009,$80.00
75011.0,$120.00
75020.0,$49.00
75002.0,$150.00
75010.0,$50.00
75018,$55.00
75018,$40.00
75007.0,$60.00
75002.0,$60.00
75002,$80.00
75020,$40.00
75004,$110.00
75018.0,$65.00
75010.0,$60.00
75012,$110.00
75019,$57.00
75001.0,$59.00
75011,$90.00
75011,$45.00
,$160.00
75005.0,$79.00
75014,$89.00
75002.0,$80.00
75011.0,$90.00
75007.0,$60.00
75019,$50.00
75015.0,$75.00
75116,$250.00
75003,$35.00
75002.0,$69.00
75012.0,$110.00
75019.0,$37.00
75006.0,$150.00
75011,$95.00
75014.0,$60.00
75018.0,$75.00
75013.0,$60.00
75020,$22.00
75015,$75.00
75011,$68.00
75014.0,$38.00
75016.0,$35.00
75116.0,$70.00
,$70.00
75014.0,$60.00
75003.0,$290.00
75016.0,$128.00
75001,$140.00
75011.0,$70.00
75002.0,$50.00
75012,$95.00
75019,$21.00
75011.0,$180.00
75007.0,$175.00
75116.0,$100.00
92100,$65.00
75018.0,$40.00
75009.0,$50.00
75011.0,$47.00
75018,$140.00
75005,$110.00
75009,$52.00
75018.0,$75.00
75003,$60.00
75020.0,$50.00
75003,$150.00
75014.0,$150.00
75010.0,$50.00
75005,$43.00
75011.0,$55.00
75001,$100.00
75116.0,$49.00
75018,$100.00
75013,$35.00
75012.0,$80.00
75014,$45.00
75006.0,$90.00
75011,$70.00
75012.0,$80.00
75001,$107.00
75011.0,$49.00
75015,$120.00
75017.0,$46.00
75016.0,$85.00
75020.0,$125.00
75019.0,$42.00
75007.0,$150.00
75009,$55.00
75003,$160.00
75004.0,$60.00
75012.0,$73.00
75007.0,$300.00
,$69.00
75004.0,$150.00
75001.0,$400.00
75004.0,$120.00
75018.0,$35.00
75003,$119.00
75019.0,$50.00
75003,$165.00
75019.0,$64.00
75003,$75.00
75018.0,$50.00
75010.0,$60.00
75014.0,$50.00
75009,$150.00
75006.0,$87.00
75011,$190.00
75018,$48.00
75003,$138.00
75009,$50.00
75018.0,$55.00
75018.0,$22.00
75013,$51.00
75017.0,$90.00
75018.0,$19.00
75012.0,$49.00
75014.0,$50.00
75015,$130.00
75018.0,$350.00
75017.0,$81.00
75011.0,$160.00
75009,$55.00
75009,$50.00
75018.0,$90.00
75014.0,$100.00
75116.0,$180.00
75009,$80.00
75017,$85.00
75017.0,$300.00
75007.0,$124.00
75010.0,$80.00
75019,$70.00
75013.0,$50.00
92100.0,$80.00
75010.0,$120.00
75020,$50.00
75009.0,$95.00
75010.0,$28.00
75001,$129.00
75011.0,$60.00
75001.0,$180.00
75012.0,$60.00
75018,$90.00
75004.0,$100.00
75017.0,$46.00
75003.0,$100.00
75016.0,$59.00
93310,$80.00
75009,$33.00
75003.0,$400.00
75015.0,$60.00
75017.0,$75.00
75012.0,$69.00
75116.0,$39.00
92130,$120.00
75010.0,$70.00
75018,$80.00
75011,$195.00
75019,$70.00
75017,$50.00
75017,$79.00
75012.0,$45.00
75013.0,$85.00
,$180.00
75007.0,$89.00
75009.0,$125.00
75009.0,$60.00
75002,$129.00
75010.0,$180.00
75015,$48.00
75020.0,$43.00
75011,$0.00
75010,$90.00
75015,$95.00
75017.0,$70.00
75011.0,$45.00
75011.0,$65.00
75013,$35.00
75002,$60.00
75018,$72.00
75003,$100.00
75010,$120.00
75014,$65.00
75116,$145.00
75008.0,$106.00
75116,$170.00
75017.0,$120.00
75012,$50.00
75005,$319.00
75012,$69.00
75016.0,$70.00
75011,$177.00
75009.0,$45.00
75002,$279.00
75017.0,$75.00
75019.0,$35.00
75017,$53.00
75016.0,$70.00
75018.0,$85.00
75003,$90.00
75009.0,$45.00
75010.0,$60.00
75008.0,$200.00
75012.0,$58.00
75018,$65.00
75010,$69.00
75019,$52.00
75009,$135.00
,$35.00
75018,$49.00
75003,$90.00
75009.0,$80.00
75005,$150.00
75016,$89.00
75014,$40.00
75010.0,$120.00
75012.0,$40.00
75017,$83.00
75011,$89.00
75005.0,$50.00
75012.0,$44.00
75008.0,$100.00
75010.0,$68.00
75003,$150.00
75001,$194.00
75002.0,$219.00
75011,$165.00
75017.0,$42.00
75002,$87.00
75018,$89.00
75009,$132.00
75003,$90.00
75012.0,$50.00
75017,$56.00
,$210.00
75002.0,$185.00
75003.0,$240.00
75003.0,$59.00
75010.0,$21.00
75011,$60.00
75015,$61.00
75017.0,$190.00
75015.0,$75.00
75008.0,$250.00
75009.0,$60.00
75014.0,$70.00
75010,$100.00
75018.0,$90.00
75020.0,$65.00
75019.0,$75.00
75018.0,$85.00
75007,$84.00
75013,$65.00
75017.0,$70.00
75019.0,$65.00
75011.0,$65.00
75015,$55.00
75015.0,$95.00
75012.0,$49.00
75018.0,$59.00
75020,$39.00
75015.0,$100.00
75011.0,$60.00
75013.0,$115.00
75019,$45.00
75003,$150.00
75012.0,$79.00
75011,$94.00
75010.0,$50.00
75018,$75.00
75002,$65.00
75013.0,$70.00
75001.0,$119.00
75017.0,$40.00
75019,$260.00
75015,$55.00
75003.0,$40.00
75012,$30.00
75018.0,$46.00
75010,$50.00
75019,$65.00
75018.0,$34.00
75017,$50.00
75002.0,$125.00
75019,$45.00
75004.0,$130.00
75116.0,$300.00
75003.0,$48.00
75015.0,$100.00
75014.0,$60.00
75015.0,$49.00
75018.0,$60.00
75017,$45.00
75003,$90.00
75003.0,$79.00
75010.0,$80.00
75020.0,$45.00
75020.0,$70.00
75016,$180.00
75005.0,$130.00
75019.0,$33.00
75018,$45.00
75116.0,$103.00
75018,$40.00
75015.0,$500.00
75016.0,$110.00
75015.0,$90.00
75011.0,$161.00
75014,$25.00
75009.0,$300.00
75019.0,$55.00
75012.0,$45.00
75020,$40.00
75018.0,$35.00
75019.0,$60.00
,$45.00
75018.0,$47.00
75018,$69.00
75001.0,$140.00
,$62.00
75010,$48.00
75013,$190.00
75018.0,$50.00
75010,$95.00
75020.0,$40.00
75001.0,$100.00
75012.0,$79.00
75020.0,$66.00
75011.0,$120.00
75008,$120.00
75019.0,$40.00
75015.0,$115.00
75010.0,$49.00
75017,$88.00
75010,$70.00
75010.0,$105.00
75018,$40.00
75018,$60.00
75005.0,$65.00
75016.0,$140.00
75001.0,$290.00
75011.0,$100.00
75020.0,$150.00
75010,$60.00
75015,$90.00
75019,$29.00
75018.0,$150.00
75011.0,$36.00
75015.0,$10.00
75017.0,$120.00
75017.0,$90.00
75012.0,$50.00
75010,$85.00
75008,$60.00
75015.0,$65.00
75013.0,$65.00
75010.0,$60.00
75010,$150.00
75020.0,$40.00
75011.0,$160.00
,$100.00
75015,$50.00
75017,$42.00
75116,$0.00
75017,$65.00
75013.0,$80.00
75003,$130.00
75015.0,$59.00
75018.0,$80.00
75003,$59.00
75006,$95.00
75011.0,$60.00
75015,$50.00
75018.0,$80.00
75011.0,$60.00
75004.0,$75.00
75020,$45.00
,$20.00
75010.0,$30.00
75018,$72.00
75015.0,$100.00
75006.0,$30.00
75018.0,$99.00
75003,$129.00
75004,$110.00
75009.0,$85.00
75004,$60.00
75011.0,$70.00
75014.0,$125.00
75009,$190.00
75008.0,$50.00
75013.0,$120.00
75011.0,$45.00
75018,$30.00
75011.0,$100.00
75020.0,$48.00
75018.0,$140.00
75019.0,$60.00
75007.0,$89.00
75011.0,$60.00
75003,$45.00
75010,$100.00
75004.0,$96.00
75015.0,$68.00
75014.0,$95.00
75018,$79.00
75011.0,$45.00
75008.0,$120.00
75020,$32.00
75018,$80.00
75010.0,$48.00
75018,$105.00
75003.0,$79.00
75014.0,$90.00
75011,$89.00
75020,$45.00
75020.0,$50.00
75013,$24.00
75007.0,$85.00
75011.0,$100.00
75020.0,$51.00
75003,$150.00
75010,$59.00
75010,$60.00
75003.0,$22.00
75014.0,$52.00
75020.0,$42.00
75007,$85.00
75007.0,$170.00
75019.0,$100.00
75018.0,$60.00
75018.0,$62.00
75013,$33.00
75001,$42.00
75011.0,$65.00
75001,$249.00
75017.0,$89.00
75002.0,$110.00
75010.0,$63.00
75017,$250.00
75007.0,$42.00
75014.0,$80.00
75014.0,$95.00
75004.0,$135.00
75010,$52.00
75011,$85.00
75017.0,$600.00
75009.0,$55.00
75013,$100.00
75003.0,$140.00
75018,$30.00
75019,$53.00
75017.0,$65.00
75016.0,$140.00
75019.0,$60.00
75011.0,$110.00
75018.0,$35.00
75004.0,$100.00
75010,$50.00
75011,$50.00
75019,$65.00
75020.0,$55.00
75116,$60.00
75019.0,$45.00
75010,$65.00
75003,$130.00
75006.0,$200.00
75011.0,$38.00
75010,$56.00
75010.0,$38.00
75003.0,$100.00
75011.0,$89.00
75005,$90.00
75015.0,$120.00
75020.0,$60.00
75003,$26.00
75002.0,$90.00
92100,$65.00
75018.0,$70.00
75011,$175.00
75003.0,$60.00
75014.0,$92.00
75015,$64.00
92130.0,$200.00
75011.0,$60.00
75014,$65.00
75005,$140.00
75011,$30.00
75014.0,$35.00
75001.0,$50.00
,$61.00
75006,$85.00
75019.0,$35.00
75010.0,$38.00
75004.0,$60.00
75012.0,$85.00
75010,$90.00
75003,$156.00
75010.0,$60.00
75006.0,$100.00
75011.0,$275.00
75011.0,$55.00
75010,$170.00
75012,$80.00
75020,$27.00
75014.0,$70.00
75007,$230.00
75018,$70.00
75004.0,$80.00
75003,"$1,467.00"
75007.0,$76.00
75003,$119.00
75016.0,$60.00
75008,$160.00
75017,$70.00
75011.0,$56.00
75014.0,$170.00
75003.0,$120.00
75116,$80.00
75017.0,$60.00
75012.0,$150.00
75018.0,$90.00
75015,$75.00
75012,$59.00
75005.0,$235.00
75014.0,$120.00
75002,$150.00
75012.0,$70.00
75018,$35.00
75012.0,$110.00
75002,$80.00
75014,$140.00
75016.0,$70.00
75006,$635.00
75015.0,$50.00
75019.0,$121.00
75015.0,$100.00
75015.0,$75.00
75004.0,$150.00
75005.0,$165.00
75015.0,$56.00
75013.0,$320.00
75011.0,$49.00
75011,$50.00
75019,$62.00
75006.0,$175.00
75015.0,$25.00
75011.0,$88.00
75116.0,"$1,100.00"
75012,$110.00
75116,$35.00
75116,$50.00
75014.0,$50.00
75012,$100.00
75003.0,$70.00
75007.0,$165.00
75016,$70.00
75004,$80.00
75015.0,$55.00
75011,$80.00
75009,$85.00
75011.0,$48.00
75015.0,$130.00
75005,$115.00
75014,$70.00
75017,$180.00
75018.0,$59.00
75020,$140.00
75019.0,$50.00
75010,$75.00
75013,$65.00
75018,$55.00
75017.0,$80.00
75004,$60.00
75016.0,$110.00
75006,$170.00
75017,$185.00
75010.0,$102.00
75018.0,$55.00
75004,$101.00
75005,$90.00
75010.0,$70.00
75005,$46.00
75007,$80.00
75006.0,$185.00
75018.0,$50.00
75013,$77.00
75116.0,$209.00
75009.0,$80.00
75015.0,$72.00
75016.0,$40.00
75007,$65.00
75019.0,$27.00
75018,$60.00
75018.0,$105.00
75011,$120.00
75005.0,$120.00
75016.0,$39.00
75018.0,$35.00
75002.0,$60.00
75015.0,$170.00
75017,$70.00
75008.0,$150.00
75018,$59.00
75019,$75.00
75018.0,$75.00
75004,$100.00
75003,$50.00
75016.0,$350.00
75015.0,$100.00
75015,$50.00
75020.0,$80.00
75020,$75.00
75012,$90.00
75007.0,$90.00
75003,$70.00
75011.0,$70.00
75018,$31.00
75007.0,$220.00
75011,$58.00
75003.0,$110.00
75013.0,$98.00
75018.0,$90.00
75013.0,$85.00
75009.0,$50.00
75020.0,$120.00
75006.0,$80.00
75010,$120.00
75010.0,$35.00
75011,$65.00
75017,$350.00
94200,$40.00
75004,$55.00
75016,$120.00
75011.0,$145.00
75018.0,$80.00
75010,$50.00
75017.0,"$2,000.00"
75013,$129.00
75016,$110.00
92170,$115.00
,$70.00
75013,$47.00
75019.0,$85.00
75018,$28.00
75010,$150.00
75004,$55.00
75020,$25.00
75017,$65.00
75019,$60.00
75020.0,$55.00
75007.0,$60.00
75009,$76.00
75010,$65.00
75019.0,$75.00
75003,$220.00
75018.0,$80.00
75012,$80.00
75011.0,$65.00
75003.0,$100.00
75017,$42.00
75018,$90.00
75003,$85.00
75003.0,$65.00
75018.0,$60.00
75015.0,$145.00
75011,$43.00
75013,$130.00
75019,$65.00
75013,$82.00
75014.0,$50.00
75011,$47.00
75007,$36.00
75020.0,$85.00
75018,$46.00
75020,$37.00
75019,$45.00
75013,$25.00
75013.0,$70.00
75020.0,$68.00
,$36.00
75005,$60.00
75009.0,$135.00
75011.0,$85.00
75015,$89.00
75014,$45.00
75004,$95.00
75005.0,$140.00
75008,$60.00
75009,$106.00
75008,$400.00
75014.0,$60.00
75017.0,$60.00
75019,$120.00
75020.0,$80.00
75020.0,$49.00
75010,$80.00
75017.0,$45.00
75012.0,$75.00
75017.0,$90.00
75009,$100.00
75017.0,$40.00
75010.0,$200.00
75009,$76.00
75016,$55.00
75003,$0.00
75007.0,$50.00
75014.0,$80.00
75010.0,$80.00
75007.0,$70.00
75008,$55.00
75009,$60.00
75017.0,$100.00
75020,$90.00
75016,$200.00
75005,$110.00
75006.0,$140.00
75015.0,$69.00
75007.0,$250.00
75017,$50.00
75003.0,$200.00
75017.0,$25.00
75011,$305.00
75009,$40.00
75011,$45.00
75014,$53.00
75010.0,$58.00
75015.0,$60.00
75010.0,$28.00
75008,$110.00
75003,$65.00
75009.0,$60.00
75020.0,$36.00
75017.0,$120.00
75015.0,$55.00
75010,$85.00
75011.0,$30.00
75020,$55.00
75005.0,$80.00
75010,$100.00
75009.0,$240.00
75011.0,$50.00
75011.0,$70.00
75009,$35.00
75007.0,$394.00
75011.0,$180.00
75019,$50.00
75003.0,$250.00
75017,$45.00
75014,$27.00
75011.0,$99.00
75018,$90.00
75018.0,$97.00
75015,$33.00
75018.0,$90.00
75012.0,$55.00
75018.0,$40.00
75011.0,$90.00
75011.0,$90.00
75018,$103.00
75005.0,$205.00
75020.0,$75.00
75004,$60.00
75018.0,$140.00
75010,$80.00
75012,$128.00
75015,$117.00
75017.0,$140.00
75009.0,$98.00
75013.0,$130.00
75008.0,$49.00
75018.0,$72.00
75005,$79.00
75011,$30.00
75001,$420.00
92130,$80.00
75010,$49.00
75007,$110.00
75020,$42.00
75011,$77.00
75008.0,$90.00
75014,$99.00
75018.0,$42.00
75016,$155.00
75010,$50.00
75015,$60.00
75009.0,$75.00
75017.0,$96.00
75006,$98.00
75015,$90.00
75001.0,$400.00
75018.0,$70.00
75116.0,$850.00
75004,$43.00
75018.0,$80.00
75116,$90.00
75018.0,$80.00
75005.0,$95.00
75006,$217.00
75008.0,$120.00
75003,$95.00
75017,$55.00
75019,$100.00
75012.0,$111.00
75018.0,$125.00
75007.0,$59.00
75017,$68.00
75007.0,$100.00
75017,$60.00
75017.0,$70.00
75011.0,$70.00
75012.0,$90.00
75016.0,$90.00
75017,$94.00
75001,$100.00
75007,$260.00
75006,$65.00
75015.0,$110.00
75004.0,$90.00
93310,$40.00
,$110.00
,$60.00
75018,$85.00
75014.0,$30.00
75011,$95.00
75015.0,$35.00
75001.0,$100.00
75003,$161.00
75019,$69.00
75018,$110.00
75017.0,$165.00
75012,$40.00
75017,$110.00
75006.0,$230.00
75020,$35.00
75019,$45.00
75011.0,$84.00
75018.0,$50.00
75010,$90.00
75001.0,$99.00
75018.0,$50.00
75011.0,$100.00
75018.0,$80.00
75016,$185.00
75011.0,$45.00
75009,$30.00
75014,$59.00
,$70.00
75002,$100.00
75015.0,$100.00
75011,$50.00
75008.0,$90.00
75116.0,$200.00
75002,$235.00
75011,$60.00
75004,$210.00
75017.0,$120.00
75020.0,$158.00
75010.0,$39.00
75015,$85.00
75020,$55.00
75004.0,$155.00
75011,$50.00
75004.0,$149.00
75019.0,$110.00
75011.0,$55.00
75006,$380.00
75018.0,$60.00
75010.0,$94.00
75013,$90.00
75009.0,$250.00
75014.0,$59.00
75018,$128.00
93400,$25.00
75013,$70.00
75011,$70.00
75015,$65.00
75004,$485.00
75018.0,$180.00
75017.0,$208.00
75018,$100.00
75018.0,$45.00
75010,$180.00
75019.0,$140.00
75003,$65.00
75010.0,$64.00
75018.0,$80.00
75009,$258.00
75014.0,$45.00
75011,$45.00
75008.0,$199.00
75006.0,$55.00
75016,$220.00
75011.0,$90.00
,$80.00
75018.0,$80.00
75012,$26.00
75116.0,$59.00
75018.0,$43.00
75020,$45.00
94130.0,$55.00
75020,$49.00
75116,$58.00
75010.0,$92.00
75020,$32.00
75009,$65.00
75015,$55.00
75017,$62.00
75012.0,$65.00
75015.0,$50.00
75008.0,$250.00
75015.0,$85.00
75019.0,$100.00
75018.0,$40.00
75012.0,$90.00
75018,$46.00
75002.0,$149.00
75020,$12.00
75017,$57.00
75015,$350.00
75018,$45.00
75019.0,$49.00
75013,$25.00
75020.0,$35.00
75014.0,$42.00
75006.0,$72.00
75006.0,$165.00
75012.0,$130.00
75006,$99.00
75007.0,$165.00
75010,$35.00
75014.0,$52.00
75018,$75.00
75004.0,$70.00
75015,$60.00
75012.0,$135.00
75011,$60.00
75011.0,$75.00
75018.0,$65.00
75013.0,$40.00
75018.0,$53.00
75116.0,$79.00
75020.0,$98.00
75014.0,$41.00
75020.0,$60.00
75018.0,$43.00
75007.0,$80.00
75017.0,$60.00
75017,$70.00
75020.0,$55.00
75015.0,$32.00
75008.0,$289.00
75010.0,$83.00
75018.0,$150.00
75018.0,$35.00
75013.0,$115.00
75015.0,$35.00
75008.0,$148.00
75020.0,$65.00
75011,$85.00
75018,$48.00
75004,$280.00
75019,$27.00
75014.0,$26.00
75018.0,$34.00
75013,$50.00
75006,$62.00
75011.0,$55.00
75018,$95.00
75018.0,$130.00
75019.0,$70.00
75012,$42.00
75010.0,$59.00
75010.0,$75.00
75015.0,$135.00
75008,$33.00
75017,$43.00
75010,$49.00
75017.0,$65.00
75015,$128.00
75018,$105.00
75010.0,$110.00
75003,$99.00
75004.0,$180.00
75015.0,$54.00
75019.0,$80.00
75015,$35.00
75018.0,$60.00
75011,$90.00
75015.0,$90.00
75003.0,$90.00
75001.0,$90.00
75018.0,$90.00
75012,$100.00
75020.0,$60.00
75016,$179.00
75017,$100.00
75017,$35.00
75015.0,$140.00
75014,$79.00
75002,$90.00
75017.0,$100.00
75018.0,$90.00
75015,$45.00
75015,$65.00
75012,$87.00
75014.0,$50.00
75116.0,$90.00
75015.0,$110.00
75005,$35.00
,$80.00
75017,$32.00
75014,$70.00
75116.0,$65.00
75005.0,$164.00
75013.0,$52.00
75015.0,$96.00
75007,$140.00
75017,$52.00
75004.0,$120.00
75019,$80.00
75004,$55.00
93500,$20.00
75017,$44.00
75002.0,$60.00
75011.0,$70.00
75009.0,$100.00
93400.0,$150.00
75017.0,$109.00
75002,$70.00
75010.0,$40.00
75014,$90.00
75116.0,$55.00
75003,$195.00
75020.0,$59.00
75009.0,$50.00
75011.0,$50.00
75002.0,$420.00
75018,$150.00
75015.0,$58.00
75002.0,$45.00
75003.0,$183.00
75002.0,$155.00
75015.0,$95.00
75017,$200.00
75006,$135.00
75002,$246.00
75009.0,$103.00
75019.0,$159.00
75010,$49.00
75007,$172.00
75016,$49.00
75017.0,$60.00
75116.0,$330.00
75012.0,$68.00
75014.0,$110.00
75011,$60.00
75001.0,$160.00
75009,$138.00
75001,$80.00
75011,$86.00
75009,$100.00
75016,$135.00
75008.0,$110.00
75020.0,$49.00
75013.0,$77.00
75018,$60.00
75010,$100.00
75018.0,$140.00
75012.0,$65.00
75011,$110.00
75001,$85.00
75019,$56.00
75010.0,$50.00
75011.0,$45.00
75019,$21.00
75016,$100.00
75014.0,$110.00
75017,$40.00
75011.0,$80.00
75015,$45.00
75013,$55.00
75009.0,$120.00
75003,$110.00
75019,$45.00
75018.0,$100.00
75020.0,$64.00
75006.0,$99.00
75016.0,$48.00
75010.0,$69.00
75003,$158.00
75009.0,$113.00
75010.0,$100.00
75020.0,$35.00
75012.0,$65.00
75001.0,$85.00
75004.0,$59.00
75012,$60.00
75005.0,$95.00
75018.0,$59.00
75008,$37.00
75005.0,$120.00
75011.0,$40.00
75018.0,$65.00
75006,$110.00
75010.0,$75.00
75017.0,$125.00
75009.0,$95.00
75020,$65.00
75019,$80.00
75020,$35.00
75016.0,$145.00
75011.0,$35.00
75011,$70.00
75003,$220.00
75015.0,$90.00
75011,$99.00
75002,$80.00
75013.0,$85.00
75018,$89.00
75010,$74.00
75013.0,$44.00
75018.0,$100.00
75009,$200.00
75007,$65.00
75017.0,$120.00
75116,$69.00
75012,$140.00
75010,$50.00
75020,$50.00
75011,$120.00
75010.0,$82.00
75018,$100.00
75010,$80.00
75007,$100.00
75003,$82.00
75004,$145.00
75011.0,$80.00
75003,$110.00
75010.0,$70.00
75011,$35.00
75010.0,$72.00
75019,$55.00
75006,$50.00
75004,$43.00
75017,$69.00
75004.0,$190.00
75001,$188.00
75011.0,$18.00
75015,$80.00
75015.0,$180.00
75001.0,$45.00
75020,$45.00
75006.0,$260.00
75011.0,$93.00
75007,$50.00
75020,$49.00
75017,$40.00
75011,$102.00
75006.0,$100.00
92200.0,$73.00
75011.0,$65.00
75116.0,$199.00
75018.0,$50.00
75019.0,$60.00
75011.0,$30.00
75014.0,$69.00
75013.0,$70.00
75020.0,$50.00
75006.0,$66.00
75020.0,$55.00
75020.0,$75.00
75009.0,$155.00
75004.0,$105.00
75004.0,$220.00
75002,$71.00
75015,$80.00
75016.0,$75.00
75004.0,$90.00
75016.0,$99.00
,$120.00
75004,$140.00
75013.0,$55.00
75018,$108.00
75012,$59.00
75010,$115.00
75014,$60.00
75012.0,$38.00
75012.0,$85.00
75017.0,$40.00
75003,$64.00
75020,$40.00
75018.0,$60.00
75018,$39.00
75010.0,$95.00
75011,$70.00
75009.0,$250.00
75012.0,$50.00
75020.0,$75.00
75018.0,$50.00
75004,$69.00
75011.0,$120.00
75018,$55.00
75016.0,$160.00
75017.0,$119.00
75008,$75.00
75018,$70.00
75012.0,$50.00
75004,$99.00
75020.0,$48.00
75018.0,$32.00
75010.0,$80.00
75011.0,$55.00
75019,$45.00
75011.0,$75.00
75002,$85.00
75013.0,$33.00
75011.0,$45.00
75018.0,$70.00
75011,$380.00
75018.0,$135.00
75011.0,$70.00
75011,$90.00
75005,$69.00
75016,$65.00
75011,$60.00
75011,$55.00
75018.0,$55.00
75003.0,$60.00
75015.0,$200.00
75004.0,$145.00
75019.0,$53.00
75020.0,$52.00
75009,$53.00
75018.0,$42.00
,$100.00
75020,$45.00
75003.0,$42.00
75001,$149.00
75017.0,$55.00
75015,$89.00
75018.0,$65.00
75017.0,$109.00
75006,$60.00
75011.0,$55.00
75015,$80.00
75020.0,$40.00
75011.0,$110.00
75017,$72.00
75015.0,$70.00
75002,$140.00
75006,$120.00
75017.0,$67.00
75010,$60.00
75009,$50.00
75011.0,$35.00
75001,$84.00
75012.0,$91.00
75009.0,$200.00
75004,$110.00
75017.0,$60.00
75015,$45.00
75015.0,$84.00
75007,$132.00
,$60.00
75007.0,$340.00
75017.0,$116.00
75007,$110.00
75011.0,$35.00
75018.0,$69.00
75009,$106.00
75010.0,$70.00
75009.0,$70.00
75010.0,$140.00
75020,$44.00
75020.0,$45.00
75017,$98.00
75020.0,$180.00
75012,$50.00
75015.0,$70.00
75020,$44.00
75020.0,$20.00
75019,$50.00
75116.0,$480.00
75017,$95.00
93310,$30.00
75004.0,$100.00
75010,$90.00
75003.0,$64.00
75011,$70.00
75012.0,$70.00
75008,$220.00
75011.0,$36.00
75018.0,$50.00
75018,$47.00
75019.0,$90.00
75017,$123.00
75003,$87.00
75015,$100.00
75014.0,$80.00
75011.0,$86.00
75013.0,$65.00
75020.0,$85.00
75011.0,$50.00
75015.0,$90.00
75011,$77.00
75019.0,$45.00
75009.0,$70.00
75009.0,$80.00
75009.0,$53.00
75019.0,$45.00
75019.0,$35.00
75018.0,$249.00
75005,$85.00
75009.0,$125.00
75005,$58.00
75020,$80.00
75020,$69.00
75015.0,$99.00
75018.0,$100.00
75014.0,$37.00
75016.0,$150.00
75015,$190.00
75007,$353.00
75018,$135.00
75017.0,$180.00
75018,$50.00
75018,$55.00
75020,$120.00
75002.0,$50.00
75003.0,$137.00
75013,$59.00
75015.0,$80.00
75011,$58.00
75006,$190.00
75004,$70.00
75018.0,$65.00
75010,$100.00
75018.0,$60.00
75010.0,$60.00
75013,$60.00
75011.0,$70.00
75018,$120.00
75005.0,$80.00
75014.0,$99.00
75020,$70.00
75004.0,$119.00
75006.0,$280.00
75007.0,$120.00
75011,$150.00
75018.0,$90.00
75020.0,$55.00
75011,$69.00
75012.0,$66.00
75011.0,$95.00
75005,$49.00
75017.0,$120.00
,$90.00
75015.0,$50.00
75002,$100.00
75011.0,$89.00
75012,$60.00
75018.0,$77.00
75018.0,$60.00
75009.0,$200.00
75010.0,$55.00
75010,$43.00
75002.0,$125.00
75006,$60.00
75010,$85.00
75018.0,$80.00
75011,$75.00
75018.0,$65.00
75019.0,$56.00
75006,$70.00
75016.0,$120.00
75017.0,$79.00
75018.0,$150.00
75004.0,$90.00
75018.0,$40.00
75016,$40.00
75011,$70.00
75006,$175.00
75009.0,$127.00
75018.0,$73.00
75020.0,$75.00
75011.0,$55.00
75010.0,$80.00
75012.0,$120.00
75006.0,$65.00
75005.0,$300.00
75010.0,$60.00
75004,$270.00
75013.0,$50.00
75013,$55.00
75010.0,$85.00
75009.0,$40.00
75016.0,$150.00
75016.0,$69.00
75010,$65.00
75011,$40.00
75011,$70.00
75015,$40.00
75019,$35.00
75015,$70.00
75005.0,$50.00
,$35.00
75011.0,$44.00
75020.0,$60.00
75010,$95.00
75019.0,$120.00
75013,$70.00
75010,$45.00
75011.0,$28.00
75009.0,$115.00
75019,$30.00
75010.0,$50.00
75018.0,$40.00
75007.0,$150.00
75008.0,$84.00
75004.0,$200.00
75011.0,$80.00
75020,$63.00
75015.0,$95.00
75020,$60.00
75003.0,$425.00
75015.0,$105.00
75011.0,$180.00
75010.0,$78.00
75015,$120.00
75006.0,$140.00
75020,$100.00
75020.0,$21.00
75013.0,$40.00
75016,$80.00
75019.0,$56.00
75018,$44.00
75017.0,$50.00
75003,$89.00
75017.0,$85.00
75011.0,$48.00
75018.0,$100.00
75010,$110.00
,$30.00
75009.0,$30.00
75011,$75.00
75015.0,$50.00
75010,$80.00
75005,$140.00
75116.0,$58.00
75009,$59.00
75018.0,$35.00
75015.0,$120.00
75011.0,$40.00
75018.0,$119.00
75018,$80.00
75010.0,$110.00
75017,$40.00
75010.0,$130.00
75016,$300.00
75010.0,$100.00
75018,$68.00
75011,$105.00
75018.0,$69.00
75017.0,$80.00
75010.0,$70.00
75015.0,$69.00
75011,$60.00
75020.0,$100.00
75018.0,$40.00
75009,$180.00
75020,$57.00
75004,$150.00
75011,$80.00
75002,$140.00
75018.0,$60.00
75018,$88.00
75016.0,$45.00
75019,$60.00
75012.0,$75.00
75005,$95.00
75011.0,$90.00
75005.0,$108.00
75016,$86.00
75004,$88.00
75004.0,$120.00
75006.0,$100.00
75015,$8.00
75005.0,$49.00
75018.0,$29.00
75008,$270.00
75013,$65.00
75019,$38.00
75015.0,$99.00
75020,$80.00
75017,$200.00
75016,$109.00
75002,$134.00
75002.0,$50.00
75015.0,$110.00
75010,$190.00
,$65.00
75017.0,$50.00
75014,$50.00
75018,$49.00
75014,$100.00
75116.0,$50.00
75010,$49.00
75013.0,$54.00
75017.0,$83.00
,$70.00
75008,$35.00
75017.0,$150.00
75007.0,$159.00
75116.0,$250.00
75019,$120.00
75018,$65.00
75011,$100.00
-- default zip code --,$658.00
75017,$70.00
75013.0,$87.00
75012,$110.00
75015,$95.00
75017,$45.00
75013,$80.00
75015.0,$49.00
75004.0,$90.00
75010,$29.00
75003,$162.00
75010.0,$300.00
75010.0,$70.00
75019.0,$55.00
75018.0,$160.00
75015.0,$70.00
75011,$100.00
75011,$60.00
75002.0,$60.00
75004.0,$120.00
75011,$30.00
75018,$35.00
75018.0,$70.00
75011.0,$55.00
75018.0,$110.00
75019,$60.00
75018.0,$100.00
75010.0,$38.00
75010,$395.00
75018.0,$65.00
75017,$55.00
75011.0,$60.00
75010,$59.00
75011,$70.00
75014.0,$75.00
75018.0,$40.00
75009,$70.00
75005,$200.00
75006.0,$131.00
75012,$49.00
75002,$175.00
75019,$35.00
75002.0,$89.00
75019.0,$50.00
75005,$120.00
75010.0,$60.00
75013,$278.00
75011,$80.00
75003,$109.00
75018.0,$40.00
75012,$60.00
75008,$149.00
75007.0,$100.00
75011.0,$50.00
75014,$283.00
75013.0,$60.00
75013,$25.00
75020,$64.00
75005.0,$85.00
75014.0,$60.00
75015,$90.00
75013,$39.00
75015.0,$70.00
75019.0,$109.00
75020.0,$65.00
75001.0,$250.00
75007,$69.00
75018.0,$80.00
75009.0,$30.00
75012,$80.00
75006.0,$178.00
75009.0,$169.00
75020,$42.00
75001.0,$90.00
75009.0,$65.00
75116.0,$100.00
75014.0,$96.00
75016.0,$120.00
75015.0,$89.00
75011.0,$65.00
75015,$45.00
75002,$93.00
75008.0,$99.00
75011.0,$40.00
75020.0,$49.00
75015,$260.00
75013.0,$75.00
75010.0,$50.00
75011.0,$45.00
75020.0,$100.00
75016.0,$85.00
75006.0,$65.00
75005.0,$50.00
75003,$68.00
75116,$170.00
75002.0,$89.00
75011,$38.00
75013.0,$116.00
75010,$168.00
75012.0,$100.00
75009.0,$45.00
75012,$110.00
75017.0,$250.00
75018.0,$70.00
75020,$40.00
,$60.00
75010,$105.00
75006,$250.00
75018.0,$57.00
75005.0,$120.00
75001,$49.00
75004,$230.00
75015,$100.00
75015.0,$32.00
75019,$50.00
75005.0,$100.00
75116.0,$250.00
75011.0,$72.00
75014,$70.00
75116,$145.00
75008,$90.00
75017.0,$245.00
75002.0,$400.00
75011,$350.00
75018,$146.00
75116,$150.00
75018.0,$80.00
75015.0,$150.00
75009,$89.00
75019.0,$70.00
75011,$350.00
75020.0,$60.00
75017.0,$150.00
75003.0,$49.00
75012.0,$62.00
75010.0,$120.00
75011.0,$46.00
75013.0,$35.00
75010.0,$81.00
75002,$86.00
75018.0,$37.00
75003,$35.00
75018.0,$95.00
75005.0,$0.00
75003,$100.00
75002,$80.00
75011.0,$55.00
75015,$80.00
75011,$130.00
75008.0,$180.00
75018.0,$60.00
75001.0,$125.00
75015,$50.00
75003.0,$119.00
75017,$150.00
75015.0,$55.00
75007,$127.00
75018.0,$47.00
75004.0,$129.00
75005,$40.00
75009,$35.00
75017.0,$40.00
75018,$25.00
75014.0,$160.00
75020.0,$65.00
75009,$80.00
75020,$110.00
75006.0,$300.00
75018.0,$55.00
75009,$129.00
75018.0,$85.00
75014.0,$70.00
75006,$57.00
75004,$70.00
75009.0,$300.00
75002,$230.00
75015.0,$55.00
75018,$50.00
75013,$52.00
75020,$60.00
75004,$179.00
75010,$40.00
75013.0,$120.00
75014.0,$40.00
75019,$130.00
75002,$140.00
75009.0,$39.00
75011,$70.00
75009,$62.00
75019.0,$75.00
75020,$117.00
75016.0,$52.00
75007,$44.00
75020.0,$55.00
75011.0,$43.00
75001.0,$275.00
75007.0,$55.00
75010,$87.00
75012,$45.00
75018,$200.00
75009,$120.00
75017,$249.00
75014.0,$29.00
75018.0,$60.00
75013,$85.00
75018,$45.00
75014,$50.00
75018.0,$129.00
75009.0,$84.00
75004.0,$75.00
75009.0,$65.00
75018,$42.00
75008.0,$140.00
75006,$79.00
75010.0,$125.00
,$150.00
75018,$65.00
75005.0,$58.00
75015,$65.00
75010.0,$65.00
75013,$82.00
75011,$65.00
75018.0,$54.00
75003,$200.00
75009,$150.00
75020.0,$23.00
75010,$70.00
75010.0,$75.00
75018.0,$89.00
75009,$150.00
75008,$755.00
75003.0,$148.00
75018,$30.00
75020.0,$43.00
75011.0,$135.00
75004.0,$65.00
75015,$70.00
75013,$15.00
75007,$75.00
75013,$80.00
75004.0,$160.00
75018.0,$84.00
75014,$76.00
75007.0,$87.00
75019,$75.00
75016.0,$85.00
75007.0,$80.00
75005.0,$62.00
75002.0,$100.00
75010,$45.00
75017.0,$75.00
75116,$70.00
75020,$70.00
75011.0,$120.00
75016,$120.00
75020.0,$40.00
,$75.00
75116.0,$92.00
75009,$140.00
75116.0,$10.00
75116,$35.00
75017.0,$150.00
75020,$80.00
75010,$30.00
75015,$500.00
75009.0,$80.00
75015.0,$90.00
75010.0,$21.00
75005.0,$100.00
75001,$79.00
75011.0,$80.00
75018,$115.00
75007,$91.00
75010,$59.00
75020,$100.00
75018.0,$60.00
75011.0,$113.00
75009.0,$111.00
75018,$50.00
75011.0,$60.00
75013,$60.00
75011.0,$80.00
75018,$41.00
75018,$100.00
75007,$86.00
75004.0,$25.00
75004.0,$80.00
75017,$230.00
75009,$200.00
75009,$50.00
75015,$65.00
75015,$120.00
75015,$200.00
75001.0,$100.00
75009,$80.00
75003,$166.00
75017,$65.00
,$75.00
75011.0,$207.00
75018.0,$70.00
75005,$80.00
,$70.00
75015.0,$130.00
75009.0,$95.00
75012.0,$55.00
75019.0,$95.00
75003.0,$175.00
75019,$55.00
75010.0,$190.00
75020.0,$50.00
75019.0,$60.00
75011.0,$70.00
75012,$69.00
75011,$90.00
75013,$85.00
75011.0,$110.00
75014,$50.00
75015.0,$125.00
75116.0,$55.00
75007,$642.00
75008.0,$100.00
75116,$295.00
75018.0,$79.00
75001,$110.00
75017,$55.00
75002,$84.00
75017,$50.00
75012.0,$110.00
75018.0,$38.00
75015,$69.00
75018.0,$35.00
75015.0,$40.00
75011,$57.00
75010.0,$80.00
75017,$79.00
75008.0,$350.00
75012,$45.00
75013.0,$33.00
75001.0,$110.00
75013,$100.00
75010,$40.00
75010,$80.00
75018,$36.00
75017,$58.00
75010,$75.00
75006,$90.00
75010,$50.00
75014,$80.00
75012.0,$60.00
75007,$550.00
75116.0,$35.00
75018,$65.00
75015.0,$46.00
75015.0,$145.00
75011.0,$64.00
75007,$123.00
75004.0,$93.00
75003,$69.00
75116,$200.00
75005.0,$50.00
75017,$310.00
75020.0,$90.00
75005.0,$75.00
75007.0,$199.00
75016.0,$86.00
75016.0,$60.00
75011,$50.00
75018.0,$47.00
75011,$79.00
75019.0,$80.00
75003.0,$130.00
75018,$75.00
75011.0,$45.00
,$170.00
75006.0,$55.00
75016.0,$466.00
75020,$100.00
75010.0,$79.00
75006,$169.00
75017.0,$86.00
75020.0,$55.00
,$160.00
75017.0,$75.00
75010.0,$40.00
75018.0,$139.00
75002.0,$153.00
75011,$55.00
75011,$50.00
75011.0,$80.00
75018,$109.00
75015.0,$120.00
75001.0,$120.00
75002,$42.00
75008,$60.00
75014.0,$99.00
75003,$55.00
75010,$60.00
75007,$300.00
75011,$59.00
75011,$65.00
75116.0,$79.00
75019.0,$85.00
75017,$106.00
75017.0,$40.00
75005.0,$218.00
75017,$95.00
75012.0,$79.00
75018.0,$55.00
75007.0,$40.00
-- default zip code --,$542.00
75019,$40.00
75011.0,$100.00
75005.0,$125.00
75006,$70.00
75019.0,$30.00
75010,$80.00
75006.0,$211.00
75015,$47.00
75018.0,$75.00
75002,$100.00
75020,$70.00
75018.0,$90.00
75010,$45.00
75017,$45.00
75017.0,$27.00
75017.0,$150.00
75014,$130.00
75010,$100.00
75014.0,$70.00
75017.0,$90.00
75017.0,$180.00
75017,$35.00
75015,$60.00
75020,$86.00
75003,$200.00
75008.0,$60.00
75002,$178.00
75019.0,$35.00
75017,$58.00
75018,$72.00
75020.0,$56.00
75011,$39.00
75008,$140.00
75004.0,$50.00
75018,$80.00
75017.0,$135.00
75015,$120.00
75003.0,$120.00
75010,$109.00
75019,$85.00
75004.0,$124.00
75018.0,$100.00
75004.0,$57.00
75008.0,$125.00
75005.0,$108.00
75015,$60.00
75015,$75.00
75003.0,$110.00
75020,$65.00
75116.0,$89.00
75014.0,$125.00
75015,$64.00
75010,$39.00
75002.0,$75.00
75018.0,$35.00
75016,$35.00
75009,$50.00
75011,$140.00
75014.0,$65.00
75020,$90.00
75013,$38.00
75019,$45.00
75019.0,$40.00
75010.0,$65.00
75015.0,$80.00
75005,$75.00
75015,$0.00
75011.0,$60.00
75015,$100.00
75009,$60.00
75014.0,$100.00
75017.0,$90.00
75003.0,$180.00
75011.0,$45.00
75017.0,$80.00
75009.0,$40.00
,$60.00
75018,$230.00
75017.0,$67.00
75016.0,$31.00
75011,$85.00
75017,$38.00
75015,$80.00
75011.0,$58.00
75006,$200.00
75018.0,$60.00
75009,$71.00
75003.0,$55.00
75020,$31.00
75020,$60.00
75013.0,$36.00
75013.0,$69.00
75003.0,$90.00
75006,$45.00
75011,$45.00
75005.0,$80.00
75005.0,$65.00
75018.0,$60.00
75009,$53.00
75005,$150.00
,$50.00
75020.0,$35.00
75017.0,$40.00
75020.0,$60.00
75019.0,$50.00
75004.0,$85.00
75003,$62.00
,$90.00
75002.0,$99.00
75001.0,$155.00
75014.0,$304.00
75014.0,$115.00
75004.0,$69.00
75019.0,$50.00
75003,$60.00
75003,$89.00
75001.0,$89.00
75015,$80.00
75015.0,$140.00
75002,$120.00
75018.0,$170.00
75010,$70.00
75011,$54.00
75011.0,$42.00
75003.0,$155.00
75014.0,$45.00
75019.0,$80.00
75020.0,$95.00
75011,$69.00
75017.0,$70.00
75002,$85.00
75020.0,$60.00
75015.0,$149.00
75011.0,$80.00
75011,$75.00
75003.0,$109.00
75013,$85.00
75010.0,$50.00
75019,$60.00
75116,$600.00
75019,$90.00
75016,$125.00
75005,$120.00
75014.0,$290.00
75014,$35.00
75014,$150.00
75116,$120.00
75011.0,$59.00
75014,$40.00
75010,$88.00
75014.0,$65.00
75011,$65.00
75020,$98.00
75018.0,$70.00
75011.0,$47.00
75011,$49.00
75011.0,$94.00
75020.0,$35.00
75013.0,$70.00
75015.0,$70.00
75012.0,$70.00
75018,$85.00
75116,$130.00
75018.0,$75.00
75014.0,$60.00
92170,$40.00
75015.0,$90.00
75019,$70.00
75015.0,$75.00
75014.0,$120.00
75013.0,$49.00
75010.0,$50.00
75018.0,$85.00
75005.0,$79.00
92100,$80.00
75004,$63.00
75019,$35.00
75004.0,$95.00
75017.0,$29.00
75010.0,$75.00
75013.0,$50.00
75018.0,$90.00
75011.0,$40.00
75011,$60.00
75011,$95.00
75011,$70.00
75020,$110.00
75018,$70.00
75015,$120.00
75001,$120.00
75018.0,$28.00
75020,$52.00
75019.0,$40.00
75015.0,$50.00
75116.0,$160.00
75006,$405.00
75010.0,$40.00
75002.0,$100.00
75011.0,$59.00
75017.0,$45.00
75012.0,$35.00
75018.0,$73.00
75019,$55.00
75011.0,$70.00
75011.0,$60.00
75005,$37.00
75012.0,$80.00
75017.0,$65.00
75011.0,$75.00
75015.0,$110.00
75016,$90.00
75009,$88.00
75003,$100.00
75003.0,$127.00
75017,$120.00
92200,$180.00
75015.0,$80.00
75018.0,$110.00
75012.0,$140.00
75017.0,$50.00
75012,$75.00
75011.0,$200.00
75012.0,$50.00
75017.0,$50.00
75011,$55.00
75020,$55.00
75010,$76.00
92100.0,$40.00
75011.0,$70.00
75003.0,$60.00
75010,$150.00
75011,$50.00
75013,$46.00
75006,$90.00
75008.0,$701.00
75015.0,$140.00
75002,$134.00
75017,$200.00
75020.0,$48.00
75004,$45.00
75116,$100.00
75018,$25.00
75009.0,$65.00
75006,$59.00
75018,$70.00
75015,$62.00
75017,$45.00
75003.0,$65.00
75012.0,$50.00
75004.0,$350.00
75018.0,$68.00
75015,$99.00
75011.0,$198.00
75017,$105.00
75017.0,$49.00
75016,$99.00
75015.0,$50.00
75020,$75.00
92600,$65.00
75011.0,$59.00
,$65.00
75116,$171.00
75020.0,$75.00
75020.0,$50.00
75006.0,$50.00
75116.0,$45.00
75003.0,$180.00
75018.0,$125.00
75008.0,$120.00
75006.0,$140.00
75116.0,$80.00
75005.0,$70.00
75001.0,$89.00
75002.0,$90.00
75011.0,$60.00
75016.0,$45.00
75011.0,$70.00
75010,$170.00
75010,$39.00
75002.0,$70.00
75010,$72.00
75008.0,$170.00
75018.0,$76.00
75015.0,$280.00
75009.0,$100.00
75013,$159.00
75019.0,$43.00
75116.0,$119.00
75004,$35.00
75003,$75.00
75019,$34.00
75019,$120.00
75020,$45.00
75018,$60.00
75010.0,$60.00
75013.0,$60.00
75016,$285.00
75018.0,$45.00
75019.0,$105.00
75018.0,$95.00
92120.0,$58.00
75003.0,$700.00
75002,$155.00
75007,$90.00
75006.0,$85.00
75008,$112.00
75007,$120.00
75018.0,$70.00
75003.0,$149.00
75018,$160.00
75018.0,$40.00
75116,$235.00
75010.0,$95.00
75010.0,$120.00
75001.0,$70.00
75015,$160.00
75018.0,$60.00
75015.0,$149.00
75017,$39.00
75003,$69.00
75018.0,$47.00
75009,$95.00
75011,$40.00
75009,$80.00
75014.0,$55.00
75009,$120.00
75009,$55.00
75004.0,$230.00
75008.0,$350.00
75008,$140.00
75015,$255.00
75019,$79.00
75018.0,$57.00
,$80.00
75006,$508.00
75005,$600.00
75019.0,$66.00
75018.0,$55.00
75006.0,$850.00
75016,$80.00
75017,$47.00
75014,$60.00
75019.0,$80.00
75018,$60.00
75019.0,$44.00
75015.0,$69.00
75015.0,$59.00
75012.0,$70.00
75002,$220.00
75011,$50.00
75019.0,$70.00
75017,$120.00
75002,$59.00
75005,$80.00
75010,$35.00
75011.0,$140.00
75018,$75.00
75003.0,$149.00
75019,$38.00
75018.0,$99.00
75004,$81.00
75017,$150.00
75016,$32.00
75016,$65.00
75019,$35.00
75002,$89.00
75018.0,$119.00
75018,$33.00
75019,$55.00
75018.0,$55.00
75018,$44.00
75018.0,$100.00
75010.0,$35.00
75012.0,$54.00
75010.0,$55.00
75015,$64.00
75004,$200.00
75003.0,$101.00
75002,$470.00
75011,$84.00
75009.0,$55.00
75003,$95.00
75006.0,$102.00
75011.0,$105.00
75005.0,$100.00
75018.0,$120.00
75017.0,$80.00
75016,$149.00
75005,$81.00
75004.0,$100.00
75018.0,$35.00
75009.0,$50.00
75020.0,$40.00
75015,$111.00
75003.0,$70.00
75013,$75.00
75010,$70.00
75018,$39.00
75017,$44.00
75019.0,$45.00
75019.0,$100.00
75010.0,$95.00
75018,$75.00
75116.0,$150.00
75011.0,$69.00
75007,$85.00
75007.0,$118.00
75011.0,$49.00
75018.0,$70.00
75005,$89.00
75011.0,$130.00
75020,$59.00
75011,$56.00
75009,$45.00
75004.0,$180.00
75018,$100.00
75012,$45.00
75011,$60.00
75012.0,$139.00
75001,$100.00
75004.0,$90.00
75018.0,$70.00
75016,$129.00
75017.0,$80.00
75019.0,$500.00
75018.0,$90.00
75019,$55.00
75011,$89.00
75010,$80.00
75013.0,$67.00
75003,$150.00
75018,$20.00
75020,$30.00
75005,$85.00
75017,$70.00
75017,$500.00
75006,$300.00
75001,$70.00
75011.0,$78.00
75009,$95.00
75015.0,$55.00
75003,$205.00
75020.0,$90.00
75013,$80.00
75005.0,$100.00
75018,$60.00
75007,$150.00
75015,$65.00
75013,$45.00
75005.0,$250.00
75017.0,$35.00
75011.0,$55.00
75011.0,$30.00
75006.0,$142.00
75018,$80.00
75013.0,$150.00
75006.0,$60.00
75009,$80.00
75015,$250.00
,$50.00
75009.0,$109.00
75020,$34.00
75014,$75.00
75014.0,$100.00
75011.0,$55.00
75010.0,$60.00
75003,$350.00
75015,$55.00
75011,$40.00
75010.0,$45.00
75019,$60.00
75001.0,$350.00
75005,$45.00
75015,$60.00
75003.0,$230.00
75010.0,$105.00
75015,$40.00
75003.0,$65.00
75011.0,$60.00
75019.0,$99.00
75014,$52.00
75011,$70.00
75014,$52.00
75003,$46.00
75014,$100.00
75008,$80.00
75012,$37.00
75011.0,$92.00
75006.0,$68.00
75015,$90.00
75004.0,$270.00
75009.0,$120.00
75010.0,$60.00
75015,$75.00
75018,$55.00
75011,$40.00
75020,$50.00
75008.0,$300.00
75008,$120.00
75018,$80.00
75018,$75.00
75019,$20.00
75018.0,$97.00
75011.0,$60.00
75006,$90.00
75009,$70.00
75011.0,$40.00
75010.0,$130.00
75012.0,$65.00
75018,$89.00
75018.0,$149.00
75001,$85.00
75019.0,$130.00
75009,$90.00
75001,$250.00
75018,$69.00
75018.0,$80.00
75005,$150.00
75016,$250.00
75018,$40.00
75010,$250.00
75002,$95.00
75008,$499.00
75017,$69.00
75012.0,$100.00
75012.0,$45.00
75010,$200.00
75015,$219.00
75003.0,$69.00
75002,$80.00
75020,$35.00
75018.0,$100.00
75014.0,$85.00
75019,$34.00
,$70.00
75116.0,$36.00
75018.0,$45.00
75016,$34.00
75010.0,$150.00
75011.0,$92.00
75020,$170.00
75015,$60.00
75017.0,$220.00
75019.0,$64.00
75012,$10.00
75005,$240.00
75005.0,$125.00
75012,$150.00
75019.0,$49.00
75003.0,$145.00
75007.0,$100.00
75016,$80.00
75019.0,$60.00
75019,$67.00
75015,$45.00
75003.0,$129.00
75018.0,$40.00
75018.0,$55.00
75011.0,$60.00
75015.0,$60.00
75002.0,$65.00
75019.0,$50.00
75017,$93.00
75003.0,$69.00
75009.0,$29.00
75002.0,$130.00
75016,$100.00
75012,$120.00
75010.0,$515.00
75017.0,$100.00
75013.0,$100.00
75017.0,$90.00
75017.0,$60.00
75011,$63.00
75011,$30.00
75020,$240.00
75013,$32.00
75009.0,$26.00
75011.0,$35.00
75014.0,$70.00
75017.0,$54.00
75018,$58.00
75016.0,$55.00
75017.0,$49.00
75020.0,$50.00
75018.0,$125.00
75015,$200.00
75003.0,$100.00
75019.0,$65.00
75012.0,$70.00
75011,$50.00
75020,$269.00
75012,$72.00
75017.0,$80.00
75019.0,$55.00
75017.0,$54.00
75010,$40.00
75011.0,$95.00
75018.0,$95.00
75017,$90.00
75019.0,$80.00
75011,$95.00
75019,$70.00
75013,$95.00
75010,$130.00
75013,$45.00
75011.0,$60.00
75018.0,$40.00
75002.0,$204.00
75009.0,$95.00
75015,$70.00
75017.0,$50.00
75018.0,$120.00
75010.0,$80.00
75014.0,$75.00
75009,$110.00
75019.0,$34.00
75012.0,$47.00
75019.0,$20.00
75018,$50.00
75018.0,$60.00
75010.0,$52.00
75015,$69.00
75020.0,$35.00
75007,$85.00
75008,$200.00
75008,$75.00
75015.0,$90.00
75011,$285.00
75018.0,$35.00
75020.0,$80.00
75019.0,$60.00
75004,$50.00
75003.0,$229.00
75011.0,$80.00
75007,$150.00
75011.0,$60.00
75019.0,$39.00
75018,$62.00
75018.0,$60.00
75018.0,$55.00
75017,$60.00
75116.0,$90.00
75005,$109.00
75019,$40.00
75011.0,$45.00
75004.0,$75.00
75011,$41.00
75014,$40.00
75015,$105.00
75015,$60.00
75018.0,$75.00
75013,$86.00
75015.0,$60.00
75004.0,$115.00
75002.0,$79.00
75005,$80.00
75018.0,$70.00
75018,$45.00
75015,$120.00
75013.0,$45.00
75008,$90.00
75002,$60.00
75002.0,$185.00
75006.0,$255.00
75001,$260.00
75020.0,$80.00
75011,$44.00
75012.0,$72.00
75020.0,$48.00
75007.0,$200.00
75007,$335.00
75010.0,$59.00
75013.0,$40.00
75009,$190.00
75008.0,$350.00
75011.0,$50.00
75011.0,$115.00
75005,$70.00
,$37.00
75013.0,$40.00
75015.0,$75.00
75004.0,$150.00
75010,$95.00
75018,$90.00
75009.0,$170.00
75020.0,$30.00
75003.0,$145.00
75011,$45.00
75015,$150.00
75019.0,$50.00
75012,$130.00
75007.0,$65.00
75011.0,$35.00
75020,$45.00
75020.0,$79.00
75009,$105.00
75019,$55.00
75018,$50.00
75020.0,$85.00
75012,$60.00
92300,$89.00
75015.0,$65.00
75012.0,$110.00
75009,$106.00
75011.0,$73.00
75012.0,$140.00
75019,$80.00
75017.0,$59.00
75011,$58.00
75018,$85.00
75018.0,$78.00
75116,$63.00
75009,$38.00
75020.0,$60.00
75008,$150.00
75010,$50.00
75017.0,$119.00
75013,$33.00
75010.0,$75.00
75017.0,$50.00
75020,$38.00
75016.0,$200.00
75116,$55.00
75011.0,$140.00
75014.0,$98.00
75018,$70.00
75020.0,$58.00
75019.0,$69.00
75011,$290.00
75015,$249.00
,$67.00
75019,$44.00
75011,$174.00
75007,$150.00
75018.0,$105.00
75012,$30.00
75018.0,$45.00
75016,$33.00
-- default zip code --,$656.00
75018,$100.00
75013.0,$35.00
75006,$125.00
75011,$130.00
75012.0,$45.00
75016.0,$69.00
75018.0,$79.00
75010.0,$99.00
75015,$230.00
75116.0,$60.00
75116.0,$900.00
75013.0,$39.00
75018,$60.00
75015,$80.00
75016.0,$550.00
75017,$39.00
75010,$165.00
75003,$150.00
75009.0,$60.00
75014,$32.00
75002.0,$105.00
75016,$75.00
75007.0,$75.00
75006,$50.00
75010.0,$50.00
75015.0,$49.00
75016,$120.00
75116,$160.00
75009.0,$110.00
75013.0,$55.00
75018,$160.00
75004.0,$79.00
75018.0,$58.00
75001.0,$149.00
75018.0,$60.00
75008.0,$900.00
75018.0,$35.00
75008.0,$98.00
75010.0,$75.00
75011,$120.00
75010.0,$32.00
75010.0,$90.00
75010.0,$64.00
75017,$70.00
75011.0,$85.00
75005.0,$160.00
75018,$145.00
75015,$50.00
75013,$45.00
75002.0,$86.00
75017.0,$69.00
75018.0,$100.00
75017.0,$115.00
75116.0,$179.00
75015.0,$119.00
75018.0,$250.00
75018.0,$70.00
75012.0,$55.00
75020.0,$30.00
75003,$45.00
75005,$190.00
75011.0,$60.00
75011,$60.00
75008,$170.00
75005,$50.00
,$89.00
75010,$70.00
75015.0,$92.00
75006,$100.00
75003.0,$55.00
75014.0,$60.00
75004,$266.00
75014.0,$94.00
75011,$65.00
75015,$85.00
75015.0,$70.00
75018,$60.00
75004,$165.00
75002,$49.00
75017,$55.00
75016.0,$300.00
75002,$100.00
75013.0,$30.00
75007,$72.00
75011,$120.00
75017.0,$89.00
75007.0,$500.00
75011.0,$70.00
75015,$60.00
75017,$150.00
75020.0,$47.00
75008.0,$350.00
75004.0,$145.00
75001,$500.00
75005,$99.00
75009,$99.00
75015.0,$69.00
75010.0,$53.00
75011,$55.00
75116.0,$139.00
75012.0,$70.00
,$40.00
75011,$60.00
75006,$70.00
75018.0,$60.00
75017,$130.00
75010.0,$85.00
75010,$100.00
75116.0,$110.00
75008,$130.00
75001.0,$88.00
75011.0,$45.00
,$58.00
75001.0,$180.00
75010,$45.00
75003.0,$115.00
75010.0,$59.00
75018.0,$50.00
75010.0,$95.00
75018,$62.00
75006,$73.00
75020.0,$90.00
,$45.00
75004,$137.00
75019.0,$30.00
75004,$60.00
75009,$45.00
75018,$27.00
75014,$45.00
75019.0,$35.00
75019,$40.00
75005.0,$60.00
75010.0,$100.00
75010,$200.00
75019,$45.00
75011.0,$70.00
75009.0,$90.00
75020,$50.00
75011.0,$100.00
75015.0,$70.00
75017,$55.00
75017.0,$68.00
75010,$60.00
75002.0,$220.00
75016.0,$47.00
75019.0,$115.00
75014,$75.00
75005.0,$80.00
75004,$199.00
75010.0,$26.00
75013.0,$51.00
75007,$349.00
75011.0,$46.00
75015,$45.00
75008.0,$96.00
75009,$77.00
75018.0,$70.00
75006,$70.00
75009.0,$60.00
75011,$27.00
75017.0,$63.00
75006.0,$200.00
-- default zip code --,$485.00
75011,$52.00
75014.0,$173.00
75019.0,$33.00
75016,$200.00
75020.0,$65.00
75013,$54.00
75018.0,$45.00
75014,$150.00
75010,$120.00
75005,$186.00
75019.0,$120.00
75009,$79.00
75004.0,$150.00
75116.0,$210.00
75018,$150.00
75008.0,$150.00
75005.0,$79.00
75010.0,$50.00
75017.0,$24.00
75011,$70.00
75010.0,$60.00
75001,$139.00
75016.0,$140.00
75012,$125.00
75015.0,$95.00
75006.0,$200.00
75017.0,$44.00
75011,$42.00
75007.0,$450.00
75002,$50.00
75009.0,$46.00
75016.0,$100.00
75116,$230.00
75020.0,$65.00
75020,$100.00
75001.0,$120.00
75017.0,$140.00
75015.0,$80.00
75018.0,$100.00
75018,$80.00
75008,$300.00
75019.0,$47.00
75020,$40.00
75018,$80.00
75006,$160.00
75009.0,$150.00
75003.0,$54.00
75014.0,$94.00
75017.0,$31.00
75017.0,$52.00
75016,$110.00
75018,$30.00
75016.0,$75.00
75003.0,$77.00
75011.0,$67.00
75005.0,$89.00
95170,$14.00
75018.0,$45.00
75008,$92.00
75018,$50.00
75011,$150.00
75002.0,$131.00
75017,$71.00
75116,$40.00
75018.0,$89.00
75004,$79.00
75016,$60.00
75003.0,$150.00
75016,$99.00
75003.0,$900.00
75009.0,$145.00
75002,$90.00
75003.0,$70.00
75010.0,$130.00
75018.0,$200.00
75018.0,$150.00
75005.0,$80.00
75012.0,$45.00
75009,$130.00
75010,$120.00
75020.0,$50.00
75018.0,$175.00
75002,$60.00
75004.0,$100.00
75011,$70.00
75018.0,$75.00
75020.0,$69.00
75009,$200.00
75017.0,$199.00
75016.0,$130.00
75020.0,$100.00
75003,$109.00
75018,$110.00
75002,$100.00
75003,$35.00
75006.0,$250.00
75010,$70.00
75015,$45.00
75001.0,$145.00
75020.0,$28.00
,$311.00
75006,$200.00
